"Activity ID","Activity Date","Activity Name","Activity Type","Activity Description","Elapsed Time","Distance","Max Heart Rate","Relative Effort","Commute","Activity Private Note","Activity Gear","Filename","Athlete Weight","Bike Weight","Elapsed Time.1","Moving Time"
19099704188,"Jun 28, 2026, 8:42:37 AM","Morning Ride","Ride",NA,7061,31.53,NA,NA,FALSE,NA,NA,NA,NA,NA,7061,5998
19075848743,"Jun 26, 2026, 9:40:18 AM","Morning Ride","Ride",NA,9153,33.94,NA,NA,FALSE,NA,NA,NA,NA,NA,9153,6735
19052133571,"Jun 24, 2026, 10:43:36 AM","Morning Ride","Ride",NA,9912,31.53,NA,NA,FALSE,NA,NA,NA,NA,NA,9912,6277
19001161854,"Jun 20, 2026, 9:46:33 AM","YTD: 500","Ride",NA,12904,45.94,NA,NA,FALSE,NA,NA,NA,NA,NA,12904,8527
18837984875,"Jun 8, 2026, 9:45:43 AM","Morning Ride","Ride",NA,4125,16.5,NA,NA,FALSE,NA,NA,NA,NA,NA,4125,3643
18811220067,"Jun 6, 2026, 7:40:33 AM","Morning Ride","Ride",NA,10069,40.9,NA,NA,FALSE,NA,NA,NA,NA,NA,10069,8298
18787708602,"Jun 4, 2026, 9:13:45 AM","Morning Ride","Ride",NA,8059,31.11,NA,NA,FALSE,NA,NA,NA,NA,NA,8059,6332
18787939990,"Jun 1, 2026, 3:05:33 PM","Afternoon Ride","Ride",NA,7077,23.92,NA,NA,FALSE,NA,NA,NA,NA,NA,7077,5041
18706504491,"May 29, 2026, 2:07:08 PM","Afternoon Ride","Ride",NA,6621,24.54,NA,NA,FALSE,NA,NA,NA,NA,NA,6621,4866
18665227534,"May 26, 2026, 12:07:01 PM","YTD: 400 miles","Ride",NA,9336,32.6,NA,NA,FALSE,NA,NA,NA,NA,NA,9336,6413
18609838240,"May 22, 2026, 8:43:33 AM","Morning Ride","Ride",NA,9530,32.57,NA,NA,FALSE,NA,NA,NA,NA,NA,9530,6699
18569589307,"May 19, 2026, 8:47:56 AM","Morning Ride","Ride",NA,8116,33.25,NA,NA,FALSE,NA,NA,NA,NA,NA,8116,6565
18531608801,"May 16, 2026, 9:11:51 AM","Morning Ride","Ride",NA,8280,33.88,NA,NA,FALSE,NA,NA,NA,NA,NA,8280,6734
18482178358,"May 12, 2026, 12:30:47 PM","Lunch Ride","Ride",NA,9650,23.86,NA,NA,FALSE,NA,NA,NA,NA,NA,9650,4828
18440655351,"May 9, 2026, 8:30:22 AM","YTD: 300 miles","Ride",NA,8627,32.46,NA,NA,FALSE,NA,NA,NA,NA,NA,8627,6428
18440230621,"May 7, 2026, 2:34:38 PM","Afternoon Ride","Ride",NA,4445,15.68,NA,NA,FALSE,NA,NA,NA,NA,NA,4445,3340
18376294006,"May 4, 2026, 1:11:31 PM","Afternoon Ride","Ride",NA,6112,23.7,NA,NA,FALSE,NA,NA,NA,NA,NA,6112,4926
18283181749,"Apr 27, 2026, 1:12:01 PM","Afternoon Ride","Ride",NA,6840,27.68,NA,NA,FALSE,NA,NA,NA,NA,NA,6840,5411
18242788317,"Apr 24, 2026, 1:37:33 PM","Afternoon Ride","Ride",NA,4912,17.19,NA,NA,FALSE,NA,NA,NA,NA,NA,4912,3847
18216693849,"Apr 22, 2026, 2:23:59 PM","Afternoon Ride","Ride",NA,3425,12.17,NA,NA,FALSE,NA,NA,NA,NA,NA,3425,2689
18135123907,"Apr 16, 2026, 9:11:19 AM","Morning Ride","Ride",NA,8948,38.82,NA,NA,FALSE,NA,NA,NA,NA,NA,8948,7573
18095019098,"Apr 13, 2026, 12:45:36 PM","YTD: 200 miles","Ride",NA,6105,23.69,NA,NA,FALSE,NA,NA,NA,NA,NA,6105,6105
17943935617,"Apr 1, 2026, 5:47:36 PM","Afternoon Ride","Ride",NA,5244,20.01,NA,NA,FALSE,NA,NA,NA,NA,NA,5244,3946
17927098950,"Mar 31, 2026, 8:54:52 AM","Morning Ride","Ride",NA,12962,38.18,NA,NA,FALSE,NA,NA,NA,NA,NA,12962,8393
17924461772,"Mar 30, 2026, 1:03:35 PM","Afternoon Ride","Ride",NA,7388,30.15,NA,NA,FALSE,NA,NA,NA,NA,NA,7388,6492
17905519078,"Mar 29, 2026, 1:10:35 PM","Afternoon Ride","Ride",NA,7984,32.98,NA,NA,FALSE,NA,NA,NA,NA,NA,7984,6873
17821281216,"Mar 22, 2026, 1:39:24 PM","Afternoon Ride","Ride",NA,5676,15.45,NA,NA,FALSE,NA,NA,NA,NA,NA,5676,3702
17808498062,"Mar 21, 2026, 2:13:32 PM","YTD: 100 miles","Ride",NA,8338,31.6,NA,NA,FALSE,NA,NA,NA,NA,NA,8338,6871
17676617370,"Mar 10, 2026, 12:58:26 PM","Lunch Ride","Ride",NA,7047,28.96,NA,NA,FALSE,NA,NA,NA,NA,NA,7047,6017
17664273143,"Mar 9, 2026, 1:53:30 PM","Afternoon Ride","Ride",NA,5835,22.67,NA,NA,FALSE,NA,NA,NA,NA,NA,5835,4350
17651911708,"Mar 8, 2026, 10:46:45 AM","Morning Ride","Ride",NA,8613,24.5,NA,NA,FALSE,NA,NA,NA,NA,NA,8613,4961
17556482652,"Feb 28, 2026, 12:18:10 PM","Lunch Ride","Ride",NA,4724,14.9,NA,NA,FALSE,NA,NA,NA,NA,NA,4724,3287
17545329298,"Feb 27, 2026, 2:16:37 PM","Afternoon Ride","Ride",NA,5196,17.05,NA,NA,FALSE,NA,NA,NA,NA,NA,5196,3927
17052562955,"Jan 14, 2026, 3:22:57 PM","Afternoon Ride","Ride",NA,4851,19.33,NA,NA,FALSE,NA,NA,NA,NA,NA,4851,3728
16995460349,"Jan 8, 2026, 2:22:45 PM","Afternoon Ride","Ride",NA,4358,16.22,NA,NA,FALSE,NA,NA,NA,NA,NA,4358,3749
16680099038,"Dec 7, 2025, 1:06:42 PM","Dec 7, 2025","Ride",NA,6054,23.7,NA,NA,FALSE,NA,NA,NA,NA,NA,6054,5538
16575772239,"Nov 26, 2025, 12:27:06 PM","Lunch Ride","Ride",NA,7556,33,NA,NA,FALSE,NA,NA,NA,NA,NA,7556,6538
16518642980,"Nov 20, 2025, 2:26:19 PM","YTD: 1800 miles","Ride",NA,4173,18.21,NA,NA,FALSE,NA,NA,NA,NA,NA,4173,3618
16335262175,"Nov 2, 2025, 12:07:17 PM","Lunch Ride","Ride",NA,3548,18.17,NA,NA,FALSE,NA,NA,NA,NA,NA,3548,3371
16324961870,"Nov 1, 2025, 10:01:09 AM","Morning Ride","Ride",NA,21189,53.88,NA,NA,FALSE,NA,NA,NA,NA,NA,21189,12655
16297888848,"Oct 29, 2025, 6:25:27 PM","Evening Ride","Ride",NA,7421,19.34,NA,NA,FALSE,NA,NA,NA,NA,NA,7421,4762
16285250987,"Oct 28, 2025, 2:07:08 PM","Afternoon Ride","Ride",NA,5408,25.01,NA,NA,FALSE,NA,NA,NA,NA,NA,5408,4732
16274142441,"Oct 27, 2025, 2:01:09 PM","Afternoon Ride","Ride",NA,3471,17.03,NA,NA,FALSE,NA,NA,NA,NA,NA,3471,3315
16253593975,"Oct 25, 2025, 9:57:09 AM","Cranksgiving","Ride",NA,9395,21.34,NA,NA,FALSE,NA,NA,NA,NA,NA,9395,5557
16119317512,"Oct 12, 2025, 11:14:21 AM","YTD: 1700 miles","Ride",NA,2766,10.28,NA,NA,FALSE,NA,NA,NA,NA,NA,2766,2479
16108648339,"Oct 11, 2025, 12:29:14 PM","Lunch Ride","Ride",NA,2803,10.1,NA,NA,FALSE,NA,NA,NA,NA,NA,2803,2549
15978651290,"Sep 29, 2025, 12:38:33 PM","Lunch Ride","Ride",NA,7141,27.7,NA,NA,FALSE,NA,NA,NA,NA,NA,7141,4987
15943392614,"Sep 26, 2025, 9:03:32 AM","Morning Ride","Ride",NA,8011,34.17,NA,NA,FALSE,NA,NA,NA,NA,NA,8011,6360
15914286208,"Sep 23, 2025, 10:09:44 AM","Morning Ride","Ride",NA,15433,46.59,NA,NA,FALSE,NA,NA,NA,NA,NA,15433,9075
15877942339,"Sep 20, 2025, 7:56:06 AM","YTD: 1600 miles and Sly Fox Ride","Ride",NA,13329,52.67,NA,NA,FALSE,NA,NA,NA,NA,NA,13329,9520
15855059063,"Sep 18, 2025, 9:46:19 AM","Morning Ride","Ride",NA,6414,23.9,NA,NA,FALSE,NA,NA,NA,NA,NA,6414,4668
15848535095,"Sep 17, 2025, 6:33:49 PM","Evening Ride","Ride",NA,4890,25.11,NA,NA,FALSE,NA,NA,NA,NA,NA,4890,4524
15831403125,"Sep 16, 2025, 8:39:55 AM","Morning Ride","Ride",NA,7070,27.41,NA,NA,FALSE,NA,NA,NA,NA,NA,7070,4903
15821308125,"Sep 15, 2025, 9:54:06 AM","Morning Ride","Ride",NA,11310,41.85,NA,NA,FALSE,NA,NA,NA,NA,NA,11310,7796
15811528003,"Sep 14, 2025, 9:54:22 AM","YTD: 1500 miles","Ride",NA,10275,33.19,NA,NA,FALSE,NA,NA,NA,NA,NA,10275,6905
15798722668,"Sep 13, 2025, 9:19:06 AM","Morning Ride","Ride",NA,8071,30.69,NA,NA,FALSE,NA,NA,NA,NA,NA,8071,5953
15776537678,"Sep 11, 2025, 9:52:55 AM","Morning Ride","Ride",NA,7544,30.06,NA,NA,FALSE,NA,NA,NA,NA,NA,7544,5588
15769537001,"Sep 10, 2025, 6:29:19 PM","Evening Ride","Ride",NA,2932,15.46,NA,NA,FALSE,NA,NA,NA,NA,NA,2932,2709
15742997634,"Sep 8, 2025, 9:36:48 AM","Morning Ride","Ride",NA,16391,63.02,NA,NA,FALSE,NA,NA,NA,NA,NA,16391,12688
15732746713,"Sep 7, 2025, 12:14:25 PM","YTD: 1400 miles","Ride",NA,6879,26.81,NA,NA,FALSE,NA,NA,NA,NA,NA,6879,5283
15689050448,"Sep 3, 2025, 6:30:57 PM","Evening Ride","Ride",NA,4764,25.95,NA,NA,FALSE,NA,NA,NA,NA,NA,4764,4481
15673420138,"Sep 2, 2025, 10:12:05 AM","Morning Ride","Ride",NA,11776,45.48,NA,NA,FALSE,NA,NA,NA,NA,NA,11776,7835
15652252455,"Aug 31, 2025, 12:13:16 PM","Lunch Ride","Ride",NA,6870,22.84,NA,NA,FALSE,NA,NA,NA,NA,NA,6870,5317
15628250130,"Aug 29, 2025, 9:45:20 AM","Morning Ride","Ride",NA,10356,45.43,NA,NA,FALSE,NA,NA,NA,NA,NA,10356,7818
15610545389,"Aug 27, 2025, 6:32:21 PM","YTD: 1300 miles","Ride",NA,3558,16.29,NA,NA,FALSE,NA,NA,NA,NA,NA,3558,3218
15593366522,"Aug 26, 2025, 9:12:32 AM","Morning Ride","Ride",NA,6508,23.93,NA,NA,FALSE,NA,NA,NA,NA,NA,6508,4468
15581588723,"Aug 25, 2025, 8:58:56 AM","Morning Ride","Ride",NA,7391,33.97,NA,NA,FALSE,NA,NA,NA,NA,NA,7391,6388
15549302687,"Aug 22, 2025, 11:06:20 AM","Lunch Ride","Ride",NA,7864,39.16,NA,NA,FALSE,NA,NA,NA,NA,NA,7864,7244
15512585509,"Aug 19, 2025, 8:03:16 AM","Morning Ride","Ride",NA,5709,24.81,NA,NA,FALSE,NA,NA,NA,NA,NA,5709,4496
15479996463,"Aug 16, 2025, 8:42:14 AM","YTD: 1200 miles","Ride",NA,7118,32.53,NA,NA,FALSE,NA,NA,NA,NA,NA,7118,6077
15475044425,"Aug 15, 2025, 8:45:15 AM","Morning Ride","Ride",NA,8136,34.03,NA,NA,FALSE,NA,NA,NA,NA,NA,8136,6321
15422167051,"Aug 11, 2025, 9:30:36 AM","Morning Ride","Ride",NA,4455,23.16,NA,NA,FALSE,NA,NA,NA,NA,NA,4455,3931
15411355364,"Aug 10, 2025, 9:23:27 AM","Morning Ride","Ride",NA,3860,12.45,NA,NA,FALSE,NA,NA,NA,NA,NA,3860,2657
15392603565,"Aug 8, 2025, 5:37:38 PM","Afternoon Ride","Ride",NA,5190,16.17,NA,NA,FALSE,NA,NA,NA,NA,NA,5190,3918
15392058347,"Aug 8, 2025, 7:59:06 AM","OTHER","Ride",NA,7645,5.11,NA,NA,FALSE,NA,NA,NA,NA,NA,7645,1486
15381942704,"Aug 7, 2025, 3:52:44 PM","Afternoon Ride","Ride",NA,10123,6.27,NA,NA,FALSE,NA,NA,NA,NA,NA,10123,1716
15343736059,"Aug 4, 2025, 11:15:29 AM","Afternoon Ride","Ride",NA,9872,7.63,NA,NA,FALSE,NA,NA,NA,NA,NA,9872,2080
15292273756,"Jul 30, 2025, 6:31:29 PM","Evening Ride","Ride",NA,4870,16.13,NA,NA,FALSE,NA,NA,NA,NA,NA,4870,2927
15277651106,"Jul 29, 2025, 10:05:38 AM","Morning Ride","Ride",NA,6439,26.97,NA,NA,FALSE,NA,NA,NA,NA,NA,6439,5180
15242149345,"Jul 26, 2025, 7:55:37 AM","YTD: 1100 miles","Ride",NA,6422,20.15,NA,NA,FALSE,NA,NA,NA,NA,NA,6422,3906
15232287489,"Jul 25, 2025, 8:10:18 AM","Morning Ride","Ride",NA,7329,32.57,NA,NA,FALSE,NA,NA,NA,NA,NA,7329,5912
15215578440,"Jul 23, 2025, 6:32:14 PM","Evening Ride","Ride",NA,4931,26,NA,NA,FALSE,NA,NA,NA,NA,NA,4931,4635
15199567370,"Jul 22, 2025, 9:16:45 AM","Morning Ride","Ride",NA,10580,45.11,NA,NA,FALSE,NA,NA,NA,NA,NA,10580,8362
15188360095,"Jul 21, 2025, 10:38:27 AM","Morning Ride","Ride",NA,6808,24.94,NA,NA,FALSE,NA,NA,NA,NA,NA,6808,4707
15156154202,"Jul 18, 2025, 8:58:00 AM","YTD: 1000 miles","Ride",NA,9089,41.22,NA,NA,FALSE,NA,NA,NA,NA,NA,9089,7496
15134059776,"Jul 16, 2025, 8:57:01 AM","Morning Ride","Ride",NA,6428,27.51,NA,NA,FALSE,NA,NA,NA,NA,NA,6428,5436
15112712219,"Jul 14, 2025, 9:14:14 AM","Morning Ride","Ride",NA,7965,32.99,NA,NA,FALSE,NA,NA,NA,NA,NA,7965,6217
15101465657,"Jul 13, 2025, 9:18:40 AM","Morning Ride","Ride",NA,4971,16.54,NA,NA,FALSE,NA,NA,NA,NA,NA,4971,3894
15080656089,"Jul 11, 2025, 9:39:19 AM","Morning Ride","Ride",NA,10554,32.29,NA,NA,FALSE,NA,NA,NA,NA,NA,10554,6139
15050070418,"Jul 8, 2025, 11:45:24 AM","Cycling","Ride",NA,12666,19.32,NA,NA,FALSE,NA,NA,NA,NA,NA,12666,12666
15046208379,"Jul 8, 2025, 9:12:05 AM","Morning Ride","Ride",NA,3386,10.53,NA,NA,FALSE,NA,NA,NA,NA,NA,3386,2675
15018432888,"Jul 5, 2025, 12:17:57 PM","YTD: 900 miles","Ride",NA,11080,26.27,NA,NA,FALSE,NA,NA,NA,NA,NA,11080,6322
15005277929,"Jul 4, 2025, 8:02:12 AM","Morning Ride","Ride",NA,9876,12.74,NA,NA,FALSE,NA,NA,NA,NA,NA,9876,3722
14954368522,"Jun 29, 2025, 9:04:28 AM","Morning Ride","Ride",NA,9047,38.71,NA,NA,FALSE,NA,NA,NA,NA,NA,9047,7069
14933081143,"Jun 27, 2025, 9:22:49 AM","Morning Ride","Ride",NA,7312,25.04,NA,NA,FALSE,NA,NA,NA,NA,NA,7312,5127
14922675341,"Jun 26, 2025, 8:45:22 AM","Morning Ride","Ride",NA,6271,24.05,NA,NA,FALSE,NA,NA,NA,NA,NA,6271,4482
14912229007,"Jun 25, 2025, 9:19:00 AM","Morning Ride","Ride",NA,5260,25.01,NA,NA,FALSE,NA,NA,NA,NA,NA,5260,4693
14871850230,"Jun 21, 2025, 7:36:18 AM","YTD: 800 miles","Ride",NA,12185,53.92,NA,NA,FALSE,NA,NA,NA,NA,NA,12185,10243
14852216533,"Jun 19, 2025, 8:05:06 AM","Morning Ride","Ride",NA,15630,49.96,NA,NA,FALSE,NA,NA,NA,NA,NA,15630,11778
14828961668,"Jun 17, 2025, 9:40:57 AM","Morning Ride","Ride",NA,7752,34.59,NA,NA,FALSE,NA,NA,NA,NA,NA,7752,6747
14820324265,"Jun 16, 2025, 7:18:53 AM","YTD: 700 miles","Ride",NA,23940,88.79,NA,NA,FALSE,NA,NA,NA,NA,NA,23940,18316
14809697791,"Jun 15, 2025, 7:49:47 AM","Morning Ride","Ride",NA,18575,69.52,NA,NA,FALSE,NA,NA,NA,NA,NA,18575,13527
14777125423,"Jun 12, 2025, 8:44:26 AM","Morning Ride","Ride",NA,6491,23.91,NA,NA,FALSE,NA,NA,NA,NA,NA,6491,4492
14771575649,"Jun 11, 2025, 6:32:33 PM","YTD: 600 miles","Ride",NA,5186,25,NA,NA,FALSE,NA,NA,NA,NA,NA,5186,4689
14736465626,"Jun 8, 2025, 9:58:09 AM","Morning Ride","Ride",NA,9759,45.65,NA,NA,FALSE,NA,NA,NA,NA,NA,9759,7851
14714229835,"Jun 6, 2025, 7:26:17 AM","Morning Ride","Ride",NA,9288,45.47,NA,NA,FALSE,NA,NA,NA,NA,NA,9288,8452
14699491199,"Jun 4, 2025, 6:26:52 PM","Evening Ride","Ride",NA,4281,17.8,NA,NA,FALSE,NA,NA,NA,NA,NA,4281,3729
14672930973,"Jun 2, 2025, 8:50:36 AM","Morning Ride","Ride",NA,6808,24.71,NA,NA,FALSE,NA,NA,NA,NA,NA,6808,4824
14664898629,"Jun 1, 2025, 10:09:36 AM","YTD: 500 miles","Ride",NA,9295,41.42,NA,NA,FALSE,NA,NA,NA,NA,NA,9295,8283
14603003146,"May 26, 2025, 11:34:10 AM","Lunch Ride","Ride",NA,10012,45.95,NA,NA,FALSE,NA,NA,NA,NA,NA,10012,8472
14591621626,"May 25, 2025, 8:05:02 AM","Morning Ride","Ride",NA,5084,20.74,NA,NA,FALSE,NA,NA,NA,NA,NA,5084,4267
14581480940,"May 24, 2025, 9:41:32 AM","Morning Ride","Ride",NA,7164,19.49,NA,NA,FALSE,NA,NA,NA,NA,NA,7164,4761
14540566481,"May 20, 2025, 8:58:12 AM","Morning Ride","Ride",NA,8107,38.77,NA,NA,FALSE,NA,NA,NA,NA,NA,8107,7421
14529362402,"May 19, 2025, 8:36:40 AM","YTD: 400 miles","Ride",NA,8344,32.57,NA,NA,FALSE,NA,NA,NA,NA,NA,8344,6731
14499117863,"May 16, 2025, 8:23:50 AM","Morning Ride","Ride",NA,9182,41.29,NA,NA,FALSE,NA,NA,NA,NA,NA,9182,8099
14457874035,"May 12, 2025, 11:12:18 AM","Lunch Ride","Ride",NA,6523,32.62,NA,NA,FALSE,NA,NA,NA,NA,NA,6523,5982
14437539265,"May 10, 2025, 9:52:34 AM","Morning Ride","Ride",NA,8000,28.23,NA,NA,FALSE,NA,NA,NA,NA,NA,8000,6253
14410680807,"May 7, 2025, 5:31:47 PM","Afternoon Ride","Ride",NA,8483,33.81,NA,NA,FALSE,NA,NA,NA,NA,NA,8483,6325
14376794586,"May 4, 2025, 10:04:05 AM","YTD: 300 miles","Ride",NA,5235,23.84,NA,NA,FALSE,NA,NA,NA,NA,NA,5235,4568
14365810995,"May 3, 2025, 8:51:53 AM","Morning Ride","Ride",NA,7386,34.28,NA,NA,FALSE,NA,NA,NA,NA,NA,7386,6619
14355481204,"May 2, 2025, 8:43:20 AM","Morning Ride","Ride",NA,9087,41.1,NA,NA,FALSE,NA,NA,NA,NA,NA,9087,7752
14337966299,"Apr 30, 2025, 5:41:40 PM","Afternoon Ride","Ride",NA,7772,29.29,NA,NA,FALSE,NA,NA,NA,NA,NA,7772,5364
14315127182,"Apr 28, 2025, 2:14:28 PM","Afternoon Ride","Ride",NA,4705,19.99,NA,NA,FALSE,NA,NA,NA,NA,NA,4705,4022
14206084737,"Apr 17, 2025, 1:00:50 PM","YTD: 200 miles","Ride",NA,4437,19.51,NA,NA,FALSE,NA,NA,NA,NA,NA,4437,4000
14132028467,"Apr 9, 2025, 6:30:16 PM","Evening Ride","Ride",NA,4478,20.64,NA,NA,FALSE,NA,NA,NA,NA,NA,4478,4251
14040645806,"Mar 31, 2025, 12:20:57 PM","Lunch Ride","Ride",NA,4139,20.1,NA,NA,FALSE,NA,NA,NA,NA,NA,4139,3901
14031948179,"Mar 30, 2025, 11:22:23 AM","Lunch Ride","Ride",NA,4273,19.71,NA,NA,FALSE,NA,NA,NA,NA,NA,4273,3777
14013449631,"Mar 28, 2025, 1:29:48 PM","Afternoon Ride","Ride",NA,4131,19.69,NA,NA,FALSE,NA,NA,NA,NA,NA,4131,3807
13931496841,"Mar 19, 2025, 5:16:29 PM","Afternoon Ride","Ride",NA,7812,23.18,NA,NA,FALSE,NA,NA,NA,NA,NA,7812,4591
13929195070,"Mar 19, 2025, 1:49:05 PM","Afternoon Ride","Ride",NA,3260,14.94,NA,NA,FALSE,NA,NA,NA,NA,NA,3260,3071
13917624040,"Mar 18, 2025, 11:14:56 AM","Lunch Ride","Ride",NA,4062,19.52,NA,NA,FALSE,NA,NA,NA,NA,NA,4062,3834
13866686606,"Mar 12, 2025, 6:31:29 PM","YTD: 100 miles","Ride",NA,4145,19.18,NA,NA,FALSE,NA,NA,NA,NA,NA,4145,3825
13854288834,"Mar 11, 2025, 12:48:11 PM","Lunch Ride","Ride",NA,4683,23.68,NA,NA,FALSE,NA,NA,NA,NA,NA,4683,4431
13845011214,"Mar 10, 2025, 12:08:46 PM","Lunch Ride","Ride",NA,8990,46.36,NA,NA,FALSE,NA,NA,NA,NA,NA,8990,8272
13790294976,"Mar 4, 2025, 1:26:42 PM","Afternoon Ride","Ride",NA,7391,31.5,NA,NA,FALSE,NA,NA,NA,NA,NA,7391,6804
13735543404,"Feb 26, 2025, 12:33:43 PM","Lunch Ride","Ride",NA,7972,23.96,NA,NA,FALSE,NA,NA,NA,NA,NA,7972,4770
13726632792,"Feb 25, 2025, 1:31:29 PM","Afternoon Ride","Ride",NA,8172,23.96,NA,NA,FALSE,NA,NA,NA,NA,NA,8172,5010
13716783042,"Feb 24, 2025, 1:33:34 PM","Afternoon Ride","Ride",NA,5351,9.9,NA,NA,FALSE,NA,NA,NA,NA,NA,5351,3767
13218520419,"Dec 29, 2024, 10:37:59 AM","YTD: 1500 miles","Ride",NA,11217,44.35,NA,NA,FALSE,NA,NA,NA,NA,NA,11217,9584
13189585711,"Dec 25, 2024, 2:57:07 PM","Afternoon Ride","Ride",NA,5040,17.88,NA,NA,FALSE,NA,NA,NA,NA,NA,5040,4326
13144327227,"Dec 18, 2024, 2:03:08 PM","Afternoon Ride","Ride",NA,3571,17.09,NA,NA,FALSE,NA,NA,NA,NA,NA,3571,3363
13137745177,"Dec 17, 2024, 3:06:52 PM","12/17/24","Ride",NA,4366,18.3,NA,NA,FALSE,NA,NA,NA,NA,NA,4366,4120
13124128479,"Dec 15, 2024, 2:30:10 PM","Afternoon Ride","Ride",NA,7328,28.16,NA,NA,FALSE,NA,NA,NA,NA,NA,7328,6405
13074957000,"Dec 8, 2024, 1:07:27 PM","Afternoon Ride","Ride",NA,7824,33.94,NA,NA,FALSE,NA,NA,NA,NA,NA,7824,6819
12998041278,"Nov 27, 2024, 3:21:56 PM","YTD: 1400 miles","Ride",NA,4960,23.69,NA,NA,FALSE,NA,NA,NA,NA,NA,4960,4422
12982159142,"Nov 25, 2024, 1:49:43 PM","Afternoon Ride","Ride",NA,3152,16.45,NA,NA,FALSE,NA,NA,NA,NA,NA,3152,3049
12946337596,"Nov 20, 2024, 12:15:49 PM","Lunch Ride","Ride",NA,6794,31.19,NA,NA,FALSE,NA,NA,NA,NA,NA,6794,5740
12930789226,"Nov 18, 2024, 12:02:58 PM","Lunch Ride","Ride",NA,4650,22.87,NA,NA,FALSE,NA,NA,NA,NA,NA,4650,4081
12924142817,"Nov 17, 2024, 11:27:46 AM","Lunch Ride","Ride",NA,5273,23.6,NA,NA,FALSE,NA,NA,NA,NA,NA,5273,4376
12908898316,"Nov 15, 2024, 3:01:11 PM","Afternoon Ride","Ride",NA,3729,18.97,NA,NA,FALSE,NA,NA,NA,NA,NA,3729,3592
12893812604,"Nov 13, 2024, 12:58:08 PM","Lunch Ride","Ride",NA,5001,25.29,NA,NA,FALSE,NA,NA,NA,NA,NA,5001,4519
12870338731,"Nov 10, 2024, 10:45:45 AM","YTD: 1300 miles","Ride",NA,8360,37.1,NA,NA,FALSE,NA,NA,NA,NA,NA,8360,6900
12853112702,"Nov 8, 2024, 9:48:45 AM","Morning Ride","Ride",NA,6107,25.33,NA,NA,FALSE,NA,NA,NA,NA,NA,6107,4839
12785799029,"Oct 30, 2024, 6:29:09 PM","Evening Ride","Ride",NA,4749,16.84,NA,NA,FALSE,NA,NA,NA,NA,NA,4749,3649
12776462037,"Oct 29, 2024, 2:58:27 PM","Afternoon Ride","Ride",NA,3713,19.54,NA,NA,FALSE,NA,NA,NA,NA,NA,3713,3456
12759881696,"Oct 27, 2024, 11:06:05 AM","Lunch Ride","Ride",NA,8068,37.96,NA,NA,FALSE,NA,NA,NA,NA,NA,8068,7059
12729778675,"Oct 23, 2024, 6:19:14 PM","Evening Ride","Ride",NA,4784,22.13,NA,NA,FALSE,NA,NA,NA,NA,NA,4784,3998
12720082187,"Oct 22, 2024, 11:48:44 AM","YTD: 1200 miles","Ride",NA,9254,45.67,NA,NA,FALSE,NA,NA,NA,NA,NA,9254,8511
12709654985,"Oct 21, 2024, 9:46:56 AM","Morning Ride","Ride",NA,8339,41.36,NA,NA,FALSE,NA,NA,NA,NA,NA,8339,7784
12677831122,"Oct 17, 2024, 9:05:30 AM","Morning Ride","Ride",NA,5874,28.86,NA,NA,FALSE,NA,NA,NA,NA,NA,5874,5191
12662246742,"Oct 15, 2024, 10:13:11 AM","Morning Ride","Ride",NA,4847,23.68,NA,NA,FALSE,NA,NA,NA,NA,NA,4847,4616
12630010713,"Oct 11, 2024, 8:52:29 AM","YTD: 1100 miles","Ride",NA,10122,28.77,NA,NA,FALSE,NA,NA,NA,NA,NA,10122,6134
12616379518,"Oct 9, 2024, 1:57:59 PM","Afternoon Ride","Ride",NA,4717,19.2,NA,NA,FALSE,NA,NA,NA,NA,NA,4717,4398
12584570059,"Oct 5, 2024, 10:15:26 AM","Morning Ride","Ride",NA,17622,26.29,NA,NA,FALSE,NA,NA,NA,NA,NA,17622,6546
12549105495,"Oct 1, 2024, 9:39:25 AM","Morning Ride","Ride",NA,8690,27.67,NA,NA,FALSE,NA,NA,NA,NA,NA,8690,6294
12525591530,"Sep 28, 2024, 8:58:51 AM","Sly Fox","Ride",NA,13963,56.59,NA,NA,FALSE,NA,NA,NA,NA,NA,13963,10238
12468089333,"Sep 21, 2024, 9:18:35 AM","YTD: 1000 miles","Ride",NA,7862,33.53,NA,NA,FALSE,NA,NA,NA,NA,NA,7862,5945
12461204422,"Sep 20, 2024, 2:12:55 PM","Afternoon Ride","Ride",NA,4845,23.57,NA,NA,FALSE,NA,NA,NA,NA,NA,4845,4164
12459778277,"Sep 13, 2024, 4:01:42 PM","Afternoon Ride","Ride",NA,10730,30.68,NA,NA,FALSE,NA,NA,NA,NA,NA,10730,5859
12388082443,"Sep 11, 2024, 5:19:09 PM","Afternoon Ride","Ride",NA,5284,25.79,NA,NA,FALSE,NA,NA,NA,NA,NA,5284,4802
12375782340,"Sep 10, 2024, 9:16:08 AM","Morning Ride","Ride",NA,9640,45.29,NA,NA,FALSE,NA,NA,NA,NA,NA,9640,7359
12359994819,"Sep 8, 2024, 10:24:46 AM","Morning Ride","Ride",NA,5924,24.27,NA,NA,FALSE,NA,NA,NA,NA,NA,5924,4564
12274559934,"Aug 29, 2024, 7:48:47 AM","YTD: 900 miles","Ride",NA,19364,81.41,NA,NA,FALSE,NA,NA,NA,NA,NA,19364,16082
12269435044,"Aug 28, 2024, 9:00:57 AM","Morning Ride","Ride",NA,7797,23.96,NA,NA,FALSE,NA,NA,NA,NA,NA,7797,4372
12255723125,"Aug 27, 2024, 8:32:41 AM","Morning Ride","Ride",NA,7781,32.55,NA,NA,FALSE,NA,NA,NA,NA,NA,7781,5843
12241703294,"Aug 25, 2024, 9:39:48 AM","YTD: 800 miles","Ride",NA,7891,34.14,NA,NA,FALSE,NA,NA,NA,NA,NA,7891,6253
12222528608,"Aug 23, 2024, 8:51:25 AM","Morning Ride","Ride",NA,8422,40.86,NA,NA,FALSE,NA,NA,NA,NA,NA,8422,7602
12210103168,"Aug 21, 2024, 6:31:08 PM","Evening Ride","Ride",NA,5055,25.91,NA,NA,FALSE,NA,NA,NA,NA,NA,5055,4604
12205381340,"Aug 21, 2024, 8:41:51 AM","Morning Ride","Ride",NA,6901,33.8,NA,NA,FALSE,NA,NA,NA,NA,NA,6901,6208
12192050183,"Aug 17, 2024, 10:34:16 AM","Morning Ride","Ride",NA,18693,26.89,NA,NA,FALSE,NA,NA,NA,NA,NA,18693,5790
12192123029,"Aug 15, 2024, 10:24:14 AM","Morning Ride","Ride",NA,22990,24.8,NA,NA,FALSE,NA,NA,NA,NA,NA,22990,5906
12139497703,"Aug 13, 2024, 10:57:31 AM","YTD: 700 miles","Ride",NA,10259,22.62,NA,NA,FALSE,NA,NA,NA,NA,NA,10259,4880
12113256129,"Aug 10, 2024, 9:23:09 AM","Morning Ride","Ride",NA,6074,25.48,NA,NA,FALSE,NA,NA,NA,NA,NA,6074,5017
12077771710,"Aug 6, 2024, 9:05:03 AM","Morning Ride","Ride",NA,5564,23.95,NA,NA,FALSE,NA,NA,NA,NA,NA,5564,4334
12069720832,"Aug 5, 2024, 7:48:28 AM","Morning Ride","Ride",NA,7078,32.52,NA,NA,FALSE,NA,NA,NA,NA,NA,7078,5911
12053831241,"Aug 3, 2024, 9:32:11 AM","Morning Ride","Ride",NA,4456,19.75,NA,NA,FALSE,NA,NA,NA,NA,NA,4456,3611
12036529616,"Jul 31, 2024, 6:29:32 PM","Evening Ride","Ride",NA,5241,26.07,NA,NA,FALSE,NA,NA,NA,NA,NA,5241,4673
11995422765,"Jul 27, 2024, 9:09:29 AM","YTD: 600 miles","Ride",NA,8255,34.13,NA,NA,FALSE,NA,NA,NA,NA,NA,8255,6151
11936658008,"Jul 20, 2024, 9:29:38 AM","Morning Ride","Ride",NA,5658,26.18,NA,NA,FALSE,NA,NA,NA,NA,NA,5658,4523
11830915829,"Jul 7, 2024, 10:08:58 AM","Morning Ride","Ride",NA,3922,19.71,NA,NA,FALSE,NA,NA,NA,NA,NA,3922,3572
11822305786,"Jul 6, 2024, 8:56:52 AM","07/06/24","Ride",NA,4561,20.32,NA,NA,FALSE,NA,NA,NA,NA,NA,4561,3729
11814526884,"Jul 5, 2024, 8:51:15 AM","07/05/24","Ride",NA,4344,19.82,NA,NA,FALSE,NA,NA,NA,NA,NA,4344,3935
11807137995,"Jul 4, 2024, 8:58:53 AM","07/04/24","Ride",NA,7278,33.54,NA,NA,FALSE,NA,NA,NA,NA,NA,7278,6478
11802622951,"Jul 3, 2024, 6:27:06 PM","07/03/24","Ride",NA,4649,20.54,NA,NA,FALSE,NA,NA,NA,NA,NA,4649,4073
11775980042,"Jun 30, 2024, 9:13:15 AM","YTD: 500 miles","Ride",NA,7167,32.9,NA,NA,FALSE,NA,NA,NA,NA,NA,7167,6561
11755800694,"Jun 27, 2024, 5:43:51 PM","06/27/24","Ride",NA,4661,19.85,NA,NA,FALSE,NA,NA,NA,NA,NA,4661,3913
11720611340,"Jun 23, 2024, 9:12:05 AM","06/23/24","Ride",NA,3989,20.04,NA,NA,FALSE,NA,NA,NA,NA,NA,3989,3701
11712161327,"Jun 22, 2024, 8:12:37 AM","06/22/24","Ride",NA,5543,25.74,NA,NA,FALSE,NA,NA,NA,NA,NA,5543,4895
11689536184,"Jun 19, 2024, 8:40:47 AM","06/19/24","Ride",NA,5510,25.27,NA,NA,FALSE,NA,NA,NA,NA,NA,5510,4776
11667633107,"Jun 16, 2024, 9:29:57 AM","YTD: 400 miles","Ride",NA,11420,45.44,NA,NA,FALSE,NA,NA,NA,NA,NA,11420,7930
11658986307,"Jun 15, 2024, 9:16:32 AM","06/15/24","Ride",NA,8061,24,NA,NA,FALSE,NA,NA,NA,NA,NA,8061,4881
11639387223,"Jun 12, 2024, 6:31:01 PM","06/12/24","Ride",NA,5567,26.05,NA,NA,FALSE,NA,NA,NA,NA,NA,5567,5088
11557469563,"Jun 2, 2024, 10:25:09 AM","06/02/24","Ride",NA,7220,28.35,NA,NA,FALSE,NA,NA,NA,NA,NA,7220,5661
11548286166,"Jun 1, 2024, 9:04:56 AM","06/01/24","Ride",NA,6055,27.61,NA,NA,FALSE,NA,NA,NA,NA,NA,6055,5253
11505284250,"May 26, 2024, 10:42:03 AM","New Handlebars!","Ride",NA,5334,19.83,NA,NA,FALSE,NA,NA,NA,NA,NA,5334,4276
11494037125,"May 25, 2024, 8:04:11 AM","YTD: 300 miles","Ride",NA,6787,30.75,NA,NA,FALSE,NA,NA,NA,NA,NA,6787,5494
11475187217,"May 22, 2024, 6:27:20 PM","05/22/24","Ride",NA,5379,26.14,NA,NA,FALSE,NA,NA,NA,NA,NA,5379,5037
11449700367,"May 19, 2024, 10:56:01 AM","05/19/24","Ride",NA,9260,40.99,NA,NA,FALSE,NA,NA,NA,NA,NA,9260,7820
11426827010,"May 16, 2024, 11:14:38 AM","05/16/24","Ride",NA,15989,48.89,NA,NA,FALSE,NA,NA,NA,NA,NA,15989,11464
11420012526,"May 15, 2024, 3:08:12 PM","05/15/24","Ride",NA,8258,25.03,NA,NA,FALSE,NA,NA,NA,NA,NA,8258,6123
11365192258,"May 8, 2024, 6:34:30 PM","YTD: 200 miles","Ride",NA,6011,31.96,NA,NA,FALSE,NA,NA,NA,NA,NA,6011,5849
11285461820,"Apr 28, 2024, 11:37:34 AM","04/28/24","Ride",NA,4905,23.84,NA,NA,FALSE,NA,NA,NA,NA,NA,4905,4510
11257574576,"Apr 24, 2024, 6:39:57 PM","04/24/24","Ride",NA,4049,19.39,NA,NA,FALSE,NA,NA,NA,NA,NA,4049,3827
11239491133,"Apr 22, 2024, 10:26:49 AM","04/22/24","Ride",NA,6137,26.35,NA,NA,FALSE,NA,NA,NA,NA,NA,6137,5146
11206365708,"Apr 17, 2024, 6:29:38 PM","04/17/24","Ride",NA,4903,26.07,NA,NA,FALSE,NA,NA,NA,NA,NA,4903,4552
11182654059,"Apr 14, 2024, 12:02:06 PM","04/14/24","Ride",NA,4661,17.2,NA,NA,FALSE,NA,NA,NA,NA,NA,4661,3407
11153455494,"Apr 10, 2024, 6:38:32 PM","04/10/24","Ride",NA,3828,19.27,NA,NA,FALSE,NA,NA,NA,NA,NA,3828,3660
11137810491,"Apr 8, 2024, 5:13:49 PM","YTD: 100 miles","Ride",NA,3831,19.71,NA,NA,FALSE,NA,NA,NA,NA,NA,3831,3659
11037918183,"Mar 25, 2024, 5:11:43 PM","03/25/24","Ride",NA,4179,19.78,NA,NA,FALSE,NA,NA,NA,NA,NA,4179,4179
10972574029,"Mar 16, 2024, 10:17:24 AM","03/16/24","Ride",NA,4725,17.05,NA,NA,FALSE,NA,NA,NA,NA,NA,4725,3426
10954497081,"Mar 13, 2024, 6:36:25 PM","03/13/24","Ride",NA,3478,19.23,NA,NA,FALSE,NA,NA,NA,NA,NA,3478,3478
10883245516,"Mar 3, 2024, 10:23:14 AM","03/03/24","Ride",NA,7349,32.63,NA,NA,FALSE,NA,NA,NA,NA,NA,7349,6209
10736462174,"Feb 10, 2024, 2:09:09 PM","02/10/24","Ride",NA,6768,24.32,NA,NA,FALSE,NA,NA,NA,NA,NA,6768,4997
10717795887,"Feb 7, 2024, 3:40:33 PM","02/07/24","Ride",NA,6501,24.77,NA,NA,FALSE,NA,NA,NA,NA,NA,6501,4941
10474812009,"Jan 1, 2024, 11:07:31 AM","New Year’s Day","Ride",NA,4003,17.12,NA,NA,FALSE,NA,NA,NA,NA,NA,4003,3719
10417256334,"Dec 21, 2023, 6:06:43 PM","12/21/23","Ride",NA,5891,20.4,NA,NA,FALSE,NA,NA,NA,NA,NA,5891,4678
10390257888,"Dec 16, 2023, 10:18:03 AM","12/16/23","Ride",NA,6629,24.82,NA,NA,FALSE,NA,NA,NA,NA,NA,6629,5132
10207247865,"Nov 12, 2023, 10:46:21 AM","11/12/23","Ride",NA,5133,20.34,NA,NA,FALSE,NA,NA,NA,NA,NA,5133,4044
10201335194,"Nov 11, 2023, 10:31:17 AM","11/11/23","Ride",NA,10317,28.33,NA,NA,FALSE,NA,NA,NA,NA,NA,10317,6037
10159466832,"Nov 4, 2023, 9:16:54 AM","11/04/23","Ride",NA,8611,24.02,NA,NA,FALSE,NA,NA,NA,NA,NA,8611,4779
10145147075,"Nov 1, 2023, 6:31:37 PM","Second ride","Ride",NA,3335,15.24,NA,NA,FALSE,NA,NA,NA,NA,NA,3335,3139
10144759029,"Nov 1, 2023, 4:50:36 PM","11/01/23","Ride",NA,3671,15.39,NA,NA,FALSE,NA,NA,NA,NA,NA,3671,3338
10119873340,"Oct 28, 2023, 10:49:20 AM","Partial Cranksgiving","Ride",NA,2713,5.98,NA,NA,FALSE,NA,NA,NA,NA,NA,2713,1550
10105211572,"Oct 25, 2023, 6:34:24 PM","10/25/23","Ride",NA,5861,16.98,NA,NA,FALSE,NA,NA,NA,NA,NA,5861,3954
10043524189,"Oct 15, 2023, 8:46:14 AM","Morning ride","Ride",NA,3475,13.24,NA,NA,FALSE,NA,NA,NA,NA,NA,3475,2798
10022120445,"Oct 11, 2023, 6:28:23 PM","10/11/23","Ride",NA,3187,15.44,NA,NA,FALSE,NA,NA,NA,NA,NA,3187,3017
9962695362,"Oct 2, 2023, 10:26:11 AM","Erie again","Ride",NA,5281,23.23,NA,NA,FALSE,NA,NA,NA,NA,NA,5281,5187
9958038739,"Oct 1, 2023, 3:56:44 PM","Erie Canal","Ride",NA,5107,22.95,NA,NA,FALSE,NA,NA,NA,NA,NA,5107,4793
9949685705,"Sep 30, 2023, 8:45:04 AM","09/30/23","Ride",NA,6674,24.87,NA,NA,FALSE,NA,NA,NA,NA,NA,6674,4775
9933854307,"Sep 27, 2023, 6:30:25 PM","09/27/23","Ride",NA,3211,15.46,NA,NA,FALSE,NA,NA,NA,NA,NA,3211,2985
9889673195,"Sep 20, 2023, 6:20:47 PM","09/20/23","Ride",NA,5247,20.8,NA,NA,FALSE,NA,NA,NA,NA,NA,5247,4289
9868708022,"Sep 17, 2023, 10:25:28 AM","Recovery Ride","Ride",NA,6171,25.26,NA,NA,FALSE,NA,NA,NA,NA,NA,6171,5288
9862062707,"Sep 16, 2023, 8:52:14 AM","Sly Fox 2023","Ride",NA,15670,56.17,NA,NA,FALSE,NA,NA,NA,NA,NA,15670,10369
9844632257,"Sep 13, 2023, 6:32:32 PM","09/13/23","Ride",NA,3935,19.45,NA,NA,FALSE,NA,NA,NA,NA,NA,3935,3660
9815330799,"Sep 9, 2023, 9:24:47 AM","YTD: 1000 miles","Ride",NA,5783,24.12,NA,NA,FALSE,NA,NA,NA,NA,NA,5783,4611
9798594254,"Sep 6, 2023, 6:33:43 PM","Evening Ride","Ride",NA,3848,19.46,NA,NA,FALSE,NA,NA,NA,NA,NA,3848,3530
9781903414,"Sep 4, 2023, 9:21:18 AM","Lunch Ride","Ride",NA,6628,27.51,NA,NA,FALSE,NA,NA,NA,NA,NA,6628,5060
9769537031,"Sep 2, 2023, 9:27:12 AM","Lunch Ride","Ride",NA,7647,23.97,NA,NA,FALSE,NA,NA,NA,NA,NA,7647,4498
9752936175,"Aug 30, 2023, 6:32:19 PM","Evening Ride","Ride",NA,7624,31.75,NA,NA,FALSE,NA,NA,NA,NA,NA,7624,5827
9725795995,"Aug 26, 2023, 9:13:05 AM","Afternoon Ride","Ride",NA,14339,45.93,NA,NA,FALSE,NA,NA,NA,NA,NA,14339,9561
9662771682,"Aug 16, 2023, 6:33:17 PM","YTD: 900","Ride",NA,3900,20.62,NA,NA,FALSE,NA,NA,NA,NA,NA,3900,3796
9640701931,"Aug 13, 2023, 11:11:56 AM","Lunch Ride","Ride",NA,3984,17.19,NA,NA,FALSE,NA,NA,NA,NA,NA,3984,3240
9634213717,"Aug 12, 2023, 11:20:58 AM","Afternoon Ride","Ride",NA,6070,24.38,NA,NA,FALSE,NA,NA,NA,NA,NA,6070,4585
9616640358,"Aug 9, 2023, 6:32:08 PM","Evening Ride","Ride",NA,5131,26.03,NA,NA,FALSE,NA,NA,NA,NA,NA,5131,4703
9600524188,"Aug 7, 2023, 10:37:32 AM","Lunch Ride","Ride",NA,4577,20.68,NA,NA,FALSE,NA,NA,NA,NA,NA,4577,4006
9588364275,"Aug 5, 2023, 8:30:25 AM","Lunch Ride","Ride",NA,10916,45.76,NA,NA,FALSE,NA,NA,NA,NA,NA,10916,7651
9572201458,"Aug 2, 2023, 6:30:26 PM","YTD: 800","Ride",NA,5937,33.42,NA,NA,FALSE,NA,NA,NA,NA,NA,5937,5796
9552470753,"Jul 30, 2023, 3:17:14 PM","Afternoon Ride","Ride",NA,4467,19.46,NA,NA,FALSE,NA,NA,NA,NA,NA,4467,3492
9528337564,"Jul 26, 2023, 6:28:00 PM","Evening Ride","Ride",NA,4499,19.19,NA,NA,FALSE,NA,NA,NA,NA,NA,4499,3410
9500547532,"Jul 22, 2023, 8:26:26 AM","Morning Ride","Ride",NA,9160,26.41,NA,NA,FALSE,NA,NA,NA,NA,NA,9160,5561
9484575076,"Jul 19, 2023, 6:30:26 PM","Evening Ride","Ride",NA,5283,20.47,NA,NA,FALSE,NA,NA,NA,NA,NA,5283,3928
9456628065,"Jul 15, 2023, 8:58:22 AM","Lunch Ride","Ride",NA,10405,45.59,NA,NA,FALSE,NA,NA,NA,NA,NA,10405,7853
9440630547,"Jul 12, 2023, 6:32:04 PM","YTD: 700","Ride",NA,6206,33.47,NA,NA,FALSE,NA,NA,NA,NA,NA,6206,5842
9412245020,"Jul 8, 2023, 8:14:07 AM","Morning Ride","Ride",NA,8069,27.31,NA,NA,FALSE,NA,NA,NA,NA,NA,8069,4997
9396419081,"Jul 5, 2023, 6:35:22 PM","Evening Ride","Ride",NA,5685,25.04,NA,NA,FALSE,NA,NA,NA,NA,NA,5685,5016
9386628998,"Jul 4, 2023, 8:16:09 AM","Morning Ride","Ride",NA,5657,24.17,NA,NA,FALSE,NA,NA,NA,NA,NA,5657,4492
9368472679,"Jul 1, 2023, 7:34:30 AM","Morning Ride","Ride",NA,9884,28.82,NA,NA,FALSE,NA,NA,NA,NA,NA,9884,6161
9353597697,"Jun 28, 2023, 6:42:13 PM","Evening Ride","Ride",NA,3833,15.37,NA,NA,FALSE,NA,NA,NA,NA,NA,3833,3272
9332926197,"Jun 25, 2023, 9:50:08 AM","YTD: 600","Ride",NA,6344,22.78,NA,NA,FALSE,NA,NA,NA,NA,NA,6344,4594
9326124070,"Jun 24, 2023, 9:45:43 AM","Lunch Ride","Ride",NA,4960,19.8,NA,NA,FALSE,NA,NA,NA,NA,NA,4960,3805
9310803756,"Jun 21, 2023, 6:34:03 PM","Evening Ride","Ride",NA,4277,20.76,NA,NA,FALSE,NA,NA,NA,NA,NA,4277,3941
9296097701,"Jun 19, 2023, 12:15:29 PM","Afternoon Ride","Ride",NA,4973,19.76,NA,NA,FALSE,NA,NA,NA,NA,NA,4973,3704
9290468486,"Jun 18, 2023, 11:36:29 AM","Lunch Ride","Ride",NA,4604,19.74,NA,NA,FALSE,NA,NA,NA,NA,NA,4604,3528
9240012363,"Jun 10, 2023, 10:04:01 AM","Lunch Ride","Ride",NA,7752,35.35,NA,NA,FALSE,NA,NA,NA,NA,NA,7752,7076
9152921089,"May 27, 2023, 1:29:34 PM","Evening Ride","Ride",NA,16264,22.22,NA,NA,FALSE,NA,NA,NA,NA,NA,16264,5387
9135058785,"May 24, 2023, 6:29:32 PM","YTD: 500","Ride",NA,4722,23.3,NA,NA,FALSE,NA,NA,NA,NA,NA,4722,4246
9114834475,"May 21, 2023, 10:33:26 AM","Afternoon Ride","Ride",NA,10351,40.9,NA,NA,FALSE,NA,NA,NA,NA,NA,10351,8357
9107780667,"May 20, 2023, 12:04:53 PM","Afternoon Ride","Ride",NA,3401,18.18,NA,NA,FALSE,NA,NA,NA,NA,NA,3401,3346
9090966698,"May 17, 2023, 6:29:18 PM","Evening Ride","Ride",NA,4947,24.37,NA,NA,FALSE,NA,NA,NA,NA,NA,4947,4475
9065486677,"May 13, 2023, 10:07:41 AM","Ironton ","Ride",NA,14195,42.7,NA,NA,FALSE,NA,NA,NA,NA,NA,14195,9395
9049005660,"May 10, 2023, 6:36:10 PM","Evening Ride","Ride",NA,4274,17.89,NA,NA,FALSE,NA,NA,NA,NA,NA,4274,3730
9036276214,"May 8, 2023, 4:59:20 PM","YTD 400","Ride",NA,4526,19.95,NA,NA,FALSE,NA,NA,NA,NA,NA,4526,3992
9029530412,"May 7, 2023, 11:11:23 AM","Afternoon Ride","Ride",NA,9232,34.6,NA,NA,FALSE,NA,NA,NA,NA,NA,9232,6810
9022197953,"May 6, 2023, 10:16:25 AM","Lunch Ride","Ride",NA,6214,24.82,NA,NA,FALSE,NA,NA,NA,NA,NA,6214,4521
9006200997,"May 3, 2023, 6:29:51 PM","Evening Ride","Ride",NA,5364,23.3,NA,NA,FALSE,NA,NA,NA,NA,NA,5364,4843
8945082458,"Apr 23, 2023, 1:22:14 PM","Fn flat ","Ride",NA,5763,14.81,NA,NA,FALSE,NA,NA,NA,NA,NA,5763,3189
8938259033,"Apr 22, 2023, 10:15:16 AM","Afternoon Ride","Ride",NA,13566,43.45,NA,NA,FALSE,NA,NA,NA,NA,NA,13566,8603
8927116718,"Apr 20, 2023, 3:39:08 PM","YTD: 300","Ride",NA,2931,13.09,NA,NA,FALSE,NA,NA,NA,NA,NA,2931,2536
8922104742,"Apr 19, 2023, 6:32:00 PM","Evening Ride","Ride",NA,4448,17.78,NA,NA,FALSE,NA,NA,NA,NA,NA,4448,3830
8909391747,"Apr 17, 2023, 5:10:42 PM","Afternoon Ride","Ride",NA,2886,13.11,NA,NA,FALSE,NA,NA,NA,NA,NA,2886,2578
8902763749,"Apr 16, 2023, 11:08:02 AM","Afternoon Ride","Ride",NA,6882,26.98,NA,NA,FALSE,NA,NA,NA,NA,NA,6882,5622
8886277588,"Apr 13, 2023, 5:07:11 PM","Evening Ride","Ride",NA,5272,24.67,NA,NA,FALSE,NA,NA,NA,NA,NA,5272,4770
8880879499,"Apr 12, 2023, 6:31:50 PM","Evening Ride","Ride",NA,4896,25.09,NA,NA,FALSE,NA,NA,NA,NA,NA,4896,4413
8866814347,"Apr 10, 2023, 10:05:15 AM","Lunch Ride","Ride",NA,6851,26.91,NA,NA,FALSE,NA,NA,NA,NA,NA,6851,5480
8839688426,"Apr 5, 2023, 6:28:16 PM","Evening Ride","Ride",NA,3645,18.92,NA,NA,FALSE,NA,NA,NA,NA,NA,3645,3591
8820671301,"Apr 2, 2023, 11:03:58 AM","200 miles for 2023! ","Ride",NA,5564,20.54,NA,NA,FALSE,NA,NA,NA,NA,NA,5564,4847
8800335581,"Mar 29, 2023, 6:25:55 PM","Evening Ride","Ride",NA,4876,19.09,NA,NA,FALSE,NA,NA,NA,NA,NA,4876,3868
8782244833,"Mar 26, 2023, 11:39:28 AM","Lunch Ride","Ride",NA,6891,18.39,NA,NA,FALSE,NA,NA,NA,NA,NA,6891,4104
8761213213,"Mar 22, 2023, 6:32:04 PM","Evening Ride","Ride",NA,4001,18.93,NA,NA,FALSE,NA,NA,NA,NA,NA,4001,3750
8748891502,"Mar 20, 2023, 4:29:27 PM","Afternoon Ride","Ride",NA,3856,17.08,NA,NA,FALSE,NA,NA,NA,NA,NA,3856,3544
8735735362,"Mar 18, 2023, 10:02:23 AM","Morning Ride","Ride",NA,5298,19.78,NA,NA,FALSE,NA,NA,NA,NA,NA,5298,4403
8589294840,"Feb 19, 2023, 11:05:57 AM","Lunch Ride","Ride",NA,9720,28.15,NA,NA,FALSE,NA,NA,NA,NA,NA,9720,5585
8583308350,"Feb 18, 2023, 1:06:49 PM","Windy!","Ride",NA,5322,17.57,NA,NA,FALSE,NA,NA,NA,NA,NA,5322,3761
8562427838,"Feb 14, 2023, 4:33:47 PM","YTD: 100+","Ride",NA,3962,19.72,NA,NA,FALSE,NA,NA,NA,NA,NA,3962,3847
8544488763,"Feb 11, 2023, 12:16:00 PM","Lunch Ride","Ride",NA,4733,19.79,NA,NA,FALSE,NA,NA,NA,NA,NA,4733,3899
8512317642,"Feb 5, 2023, 1:08:41 PM","Afternoon Ride","Ride",NA,6920,24.85,NA,NA,FALSE,NA,NA,NA,NA,NA,6920,5068
8478963009,"Jan 30, 2023, 4:30:08 PM","Jan Jan Jan","Ride",NA,4115,16.25,NA,NA,FALSE,NA,NA,NA,NA,NA,4115,3471
8473382506,"Jan 29, 2023, 12:53:49 PM","Solo Jan Ride","Ride",NA,4417,17.33,NA,NA,FALSE,NA,NA,NA,NA,NA,4417,3714
8467529678,"Jan 28, 2023, 1:40:11 PM","Late January","Ride",NA,5373,20,NA,NA,FALSE,NA,NA,NA,NA,NA,5373,4027
8359921986,"Jan 8, 2023, 11:40:23 AM","Bday!","Ride",NA,3929,17.58,NA,NA,FALSE,NA,NA,NA,NA,NA,3929,3377
8326850283,"Jan 2, 2023, 11:29:36 AM","Another ride!","Ride",NA,4713,17.08,NA,NA,FALSE,NA,NA,NA,NA,NA,4713,3676
8321923903,"Jan 1, 2023, 11:23:18 AM","Lunch Ride","Ride",NA,4350,14.58,NA,NA,FALSE,NA,NA,NA,NA,NA,4350,3317
8312301122,"Dec 30, 2022, 10:32:01 AM","2022 Wrap Up ","Ride",NA,5446,17.26,NA,NA,FALSE,NA,NA,NA,NA,NA,5446,3900
8304001897,"Dec 28, 2022, 3:14:17 PM","900","Ride",NA,1244,4.18,NA,NA,FALSE,NA,NA,NA,NA,NA,1244,1059
8259603439,"Dec 17, 2022, 10:06:14 AM","Morning Ride","Ride",NA,5850,17.4,NA,NA,FALSE,NA,NA,NA,NA,NA,5850,4294
8256856880,"Dec 16, 2022, 6:26:19 PM","Evening Ride","Ride",NA,5326,17.94,NA,NA,FALSE,NA,NA,NA,NA,NA,5326,4765
8172460164,"Nov 26, 2022, 1:26:42 PM","Perfect day","Ride",NA,3588,17.1,NA,NA,FALSE,NA,NA,NA,NA,NA,3588,3300
8167755063,"Nov 25, 2022, 1:53:17 PM","Windy!","Ride",NA,3712,17.33,NA,NA,FALSE,NA,NA,NA,NA,NA,3712,3504
8163782245,"Nov 24, 2022, 1:38:57 PM","Pre-feast ride","Ride",NA,3687,17.11,NA,NA,FALSE,NA,NA,NA,NA,NA,3687,3333
8113661449,"Nov 13, 2022, 10:10:21 AM","Cold and windy","Ride",NA,9748,33.94,NA,NA,FALSE,NA,NA,NA,NA,NA,9748,7876
8072931529,"Nov 5, 2022, 9:30:59 AM","800, Baby!","Ride",NA,10306,39.99,NA,NA,FALSE,NA,NA,NA,NA,NA,10306,7414
8068665062,"Nov 4, 2022, 3:40:39 PM","Afternoon Ride","Ride",NA,3727,14.16,NA,NA,FALSE,NA,NA,NA,NA,NA,3727,2851
8059861798,"Nov 2, 2022, 4:47:59 PM","Afternoon Ride","Ride",NA,3386,13.02,NA,NA,FALSE,NA,NA,NA,NA,NA,3386,2814
8043778292,"Oct 30, 2022, 10:00:51 AM","Beautiful day!","Ride",NA,8200,31.27,NA,NA,FALSE,NA,NA,NA,NA,NA,8200,6156
8038002095,"Oct 29, 2022, 10:10:00 AM","Morning Ride","Ride",NA,7458,7.64,NA,NA,FALSE,NA,NA,NA,NA,NA,7458,2335
8024478644,"Oct 26, 2022, 5:08:12 PM","Afternoon Ride","Ride",NA,3145,16.11,NA,NA,FALSE,NA,NA,NA,NA,NA,3145,2924
8007905882,"Oct 23, 2022, 9:48:25 AM","Recovery ride, baby!","Ride",NA,4052,19.77,NA,NA,FALSE,NA,NA,NA,NA,NA,4052,3500
8003800880,"Oct 22, 2022, 10:08:05 AM","Morning Ride","Ride",NA,22000,48.06,NA,NA,FALSE,NA,NA,NA,NA,NA,22000,11728
7989941776,"Oct 19, 2022, 5:52:04 PM","Cold!","Ride",NA,3613,16.55,NA,NA,FALSE,NA,NA,NA,NA,NA,3613,3219
7973212351,"Oct 16, 2022, 10:04:54 AM","Morning Ride","Ride",NA,6152,24.8,NA,NA,FALSE,NA,NA,NA,NA,NA,6152,4565
7967582067,"Oct 15, 2022, 9:20:17 AM","Morning Ride","Ride",NA,6491,24.85,NA,NA,FALSE,NA,NA,NA,NA,NA,6491,4620
7941523493,"Oct 10, 2022, 10:02:45 AM","Morning Ride","Ride",NA,3654,19.74,NA,NA,FALSE,NA,NA,NA,NA,NA,3654,3466
7921763684,"Oct 6, 2022, 11:27:05 AM","Lunch Ride","Ride",NA,8321,9.51,NA,NA,FALSE,NA,NA,NA,NA,NA,8321,2850
7920725709,"Oct 6, 2022, 10:26:05 AM","Morning Ride","Ride",NA,772,2.46,NA,NA,FALSE,NA,NA,NA,NA,NA,772,586
7920664746,"Oct 6, 2022, 9:43:57 AM","Morning Ride","Ride",NA,2463,8.46,NA,NA,FALSE,NA,NA,NA,NA,NA,2463,2077
7911891792,"Oct 4, 2022, 12:19:35 PM","Lunch Ride","Ride",NA,10949,29.8,NA,NA,FALSE,NA,NA,NA,NA,NA,10949,7008
7882488104,"Sep 28, 2022, 6:31:55 PM","Evening Ride","Ride",NA,3475,18.86,NA,NA,FALSE,NA,NA,NA,NA,NA,3475,3322
7865121908,"Sep 25, 2022, 8:28:44 AM","Recovery ride","Ride",NA,4133,16.95,NA,NA,FALSE,NA,NA,NA,NA,NA,4133,2984
7860523703,"Sep 24, 2022, 8:51:56 AM","Sly Fox Ride 2022","Ride",NA,14298,56.11,NA,NA,FALSE,NA,NA,NA,NA,NA,14298,10204
7846684492,"Sep 21, 2022, 6:37:48 PM","Evening Ride","Ride",NA,3335,17.59,NA,NA,FALSE,NA,NA,NA,NA,NA,3335,3103
7829046516,"Sep 18, 2022, 9:39:00 AM","Morning Ride","Ride",NA,5244,24.8,NA,NA,FALSE,NA,NA,NA,NA,NA,5244,4470
7822656858,"Sep 17, 2022, 7:57:17 AM","Morning Ride","Ride",NA,8232,32.94,NA,NA,FALSE,NA,NA,NA,NA,NA,8232,5910
7809699194,"Sep 14, 2022, 6:28:46 PM","Beautiful evening","Ride",NA,3239,17.54,NA,NA,FALSE,NA,NA,NA,NA,NA,3239,2971
7786023321,"Sep 10, 2022, 9:33:33 AM","Fast Eric!!","Ride",NA,9374,42.93,NA,NA,FALSE,NA,NA,NA,NA,NA,9374,7090
7758871848,"Sep 5, 2022, 9:24:32 AM","Leisurely Labor Day Ride","Ride",NA,8514,32.86,NA,NA,FALSE,NA,NA,NA,NA,NA,8514,6133
7747987901,"Sep 3, 2022, 9:03:57 AM","New speed record!","Ride",NA,7695,36.61,NA,NA,FALSE,NA,NA,NA,NA,NA,7695,6277
7733941658,"Aug 31, 2022, 6:34:26 PM","Evening Ride","Ride",NA,3184,11.7,NA,NA,FALSE,NA,NA,NA,NA,NA,3184,2610
7714416842,"Aug 28, 2022, 7:42:51 AM","Recovery ride. With big hill.","Ride",NA,3694,19.44,NA,NA,FALSE,NA,NA,NA,NA,NA,3694,3575
7709455118,"Aug 27, 2022, 8:37:45 AM","Best average speed. Ever. ","Ride",NA,10094,41.76,NA,NA,FALSE,NA,NA,NA,NA,NA,10094,7568
7696966916,"Aug 24, 2022, 6:24:04 PM","Evening Ride","Ride",NA,6973,25.43,NA,NA,FALSE,NA,NA,NA,NA,NA,6973,5296
7685542312,"Aug 23, 2022, 7:01:27 AM","Prep for Wednesday ride","Ride",NA,1293,4.2,NA,NA,FALSE,NA,NA,NA,NA,NA,1293,900
7675320655,"Aug 21, 2022, 7:37:56 AM","Recovery ride","Ride",NA,5440,19.78,NA,NA,FALSE,NA,NA,NA,NA,NA,5440,4429
7670529254,"Aug 20, 2022, 7:16:40 AM","Almost sly fox","Ride",NA,16764,54.37,NA,NA,FALSE,NA,NA,NA,NA,NA,16764,12031
7656329379,"Aug 17, 2022, 6:33:50 PM","Evening Ride","Ride",NA,6003,22.13,NA,NA,FALSE,NA,NA,NA,NA,NA,6003,4956
7636721457,"Aug 14, 2022, 8:14:51 AM","Recovery Ride","Ride",NA,3872,13.07,NA,NA,FALSE,NA,NA,NA,NA,NA,3872,2991
7632314988,"Aug 13, 2022, 9:07:09 AM","Morning Ride","Ride",NA,13971,41.17,NA,NA,FALSE,NA,NA,NA,NA,NA,13971,9049
7617643510,"Aug 10, 2022, 6:35:25 PM","Evening Ride","Ride",NA,5017,20.31,NA,NA,FALSE,NA,NA,NA,NA,NA,5017,4305
7598273952,"Aug 7, 2022, 9:07:15 AM","Recovery Ride","Ride",NA,4471,13.08,NA,NA,FALSE,NA,NA,NA,NA,NA,4471,2908
7593615161,"Aug 6, 2022, 9:51:05 AM","Not the Alps ","Ride",NA,13762,42.61,NA,NA,FALSE,NA,NA,NA,NA,NA,13762,10106
7521414954,"Jul 24, 2022, 9:35:29 AM","Recovery ride","Ride",NA,4050,13.06,NA,NA,FALSE,NA,NA,NA,NA,NA,4050,2747
7516209056,"Jul 23, 2022, 8:36:31 AM","Check that average speed!!!","Ride",NA,12901,45.84,NA,NA,FALSE,NA,NA,NA,NA,NA,12901,9354
7502207038,"Jul 20, 2022, 6:32:55 PM","Evening Ride","Ride",NA,5042,20.06,NA,NA,FALSE,NA,NA,NA,NA,NA,5042,4217
7485053010,"Jul 17, 2022, 10:59:48 AM","Morning Ride","Ride",NA,6637,22.98,NA,NA,FALSE,NA,NA,NA,NA,NA,6637,5386
7478496179,"Jul 16, 2022, 7:29:22 AM","Morning Ride","Ride",NA,10659,28.17,NA,NA,FALSE,NA,NA,NA,NA,NA,10659,6579
7465058389,"Jul 13, 2022, 6:39:10 PM","Evening Ride","Ride",NA,5295,22.01,NA,NA,FALSE,NA,NA,NA,NA,NA,5295,4739
7446952907,"Jul 10, 2022, 10:34:17 AM","Morning Ride","Ride",NA,5362,15.78,NA,NA,FALSE,NA,NA,NA,NA,NA,5362,3990
7409474223,"Jul 3, 2022, 10:19:38 AM","Morning Ride","Ride",NA,5279,17.35,NA,NA,FALSE,NA,NA,NA,NA,NA,5279,4497
7390269175,"Jun 29, 2022, 7:00:37 PM","Evening Ride","Ride",NA,2094,6.77,NA,NA,FALSE,NA,NA,NA,NA,NA,2094,1835
6961124448,"Apr 10, 2022, 10:52:37 AM","Morning Ride","Ride",NA,6593,22.93,NA,NA,FALSE,NA,NA,NA,NA,NA,6593,5581
6926453065,"Apr 3, 2022, 10:41:29 AM","Recovery Ride","Ride",NA,3969,8.95,NA,NA,FALSE,NA,NA,NA,NA,NA,3969,2511
6921449847,"Apr 2, 2022, 9:19:46 AM","Morning Ride","Ride",NA,15433,53.19,NA,NA,FALSE,NA,NA,NA,NA,NA,15433,11932
6861330495,"Mar 21, 2022, 4:53:21 PM","Afternoon Ride","Ride",NA,4387,16.38,NA,NA,FALSE,NA,NA,NA,NA,NA,4387,3847
6845254887,"Mar 18, 2022, 5:56:22 PM","Afternoon Ride","Ride",NA,4749,19.23,NA,NA,FALSE,NA,NA,NA,NA,NA,4749,4247
6835544576,"Mar 16, 2022, 5:10:00 PM","chrussta sighting","Ride",NA,5520,21.64,NA,NA,FALSE,NA,NA,NA,NA,NA,5520,4790
6777675726,"Mar 5, 2022, 9:59:22 AM","Morning Ride","Ride",NA,7457,21.67,NA,NA,FALSE,NA,NA,NA,NA,NA,7457,5789
6478532270,"Jan 5, 2022, 4:18:32 PM","Too much time at Zig’s! ","Ride",NA,1389,2.74,NA,NA,FALSE,NA,NA,NA,NA,NA,1389,801
6462807969,"Jan 2, 2022, 11:50:30 AM","Lunch Ride","Ride",NA,5599,14.3,NA,NA,FALSE,NA,NA,NA,NA,NA,5599,3169
6452908226,"Dec 31, 2021, 11:50:58 AM","Lunch Ride","Ride",NA,6211,15.92,NA,NA,FALSE,NA,NA,NA,NA,NA,6211,3700
6430781641,"Dec 26, 2021, 12:30:51 PM","Lunch Ride","Ride",NA,4976,15.5,NA,NA,FALSE,NA,NA,NA,NA,NA,4976,3642
6423377621,"Dec 24, 2021, 11:55:23 AM","Christmas Eve","Ride",NA,5106,13.32,NA,NA,FALSE,NA,NA,NA,NA,NA,5106,3776
6347966847,"Dec 5, 2021, 12:30:05 PM","Hit 700 miles!","Ride",NA,4304,14.43,NA,NA,FALSE,NA,NA,NA,NA,NA,4304,3356
6284535179,"Nov 20, 2021, 11:56:30 AM","Lunch Ride","Ride",NA,4331,14.26,NA,NA,FALSE,NA,NA,NA,NA,NA,4331,3363
6208573248,"Nov 3, 2021, 6:34:52 PM","Evening Ride","Ride",NA,5609,19.38,NA,NA,FALSE,NA,NA,NA,NA,NA,5609,4826
6188328622,"Oct 30, 2021, 10:23:38 AM","Cranksgiving ","Ride",NA,8188,9.03,NA,NA,FALSE,NA,NA,NA,NA,NA,8188,3109
6176469428,"Oct 27, 2021, 6:31:11 PM","Evening Ride","Ride",NA,6254,26.08,NA,NA,FALSE,NA,NA,NA,NA,NA,6254,5676
6143395565,"Oct 20, 2021, 6:33:10 PM","Evening Ride","Ride",NA,4291,16.82,NA,NA,FALSE,NA,NA,NA,NA,NA,4291,3788
6109649315,"Oct 13, 2021, 6:34:01 PM","Evening Ride","Ride",NA,6025,26.13,NA,NA,FALSE,NA,NA,NA,NA,NA,6025,5589
6087134482,"Oct 9, 2021, 8:35:39 AM","Morning Ride","Ride",NA,4492,14.2,NA,NA,FALSE,NA,NA,NA,NA,NA,4492,3637
6053545718,"Oct 2, 2021, 10:05:24 AM","Morning Ride","Ride",NA,10658,25.55,NA,NA,FALSE,NA,NA,NA,NA,NA,10658,6277
6040392811,"Sep 29, 2021, 6:31:59 PM","Evening Ride","Ride",NA,4781,19.42,NA,NA,FALSE,NA,NA,NA,NA,NA,4781,4340
6023715894,"Sep 26, 2021, 10:16:46 AM","Morning Ride","Ride",NA,7728,19.88,NA,NA,FALSE,NA,NA,NA,NA,NA,7728,5077
6018333774,"Sep 25, 2021, 8:39:59 AM","Morning Ride","Ride",NA,19407,55.75,NA,NA,FALSE,NA,NA,NA,NA,NA,19407,13699
5987207241,"Sep 19, 2021, 10:16:56 AM","Morning Ride","Ride",NA,11406,34.81,NA,NA,FALSE,NA,NA,NA,NA,NA,11406,8354
5939364260,"Sep 10, 2021, 5:31:50 PM","Afternoon Ride","Ride",NA,8681,32.26,NA,NA,FALSE,NA,NA,NA,NA,NA,8681,7254
5904846850,"Sep 4, 2021, 10:06:25 AM","Morning Ride","Ride",NA,6026,22.22,NA,NA,FALSE,NA,NA,NA,NA,NA,6026,4879
5872949904,"Aug 29, 2021, 10:32:30 AM","Morning Ride","Ride",NA,4132,14.21,NA,NA,FALSE,NA,NA,NA,NA,NA,4132,3343
5829775641,"Aug 21, 2021, 10:13:26 AM","Morning Ride","Ride",NA,6106,22.05,NA,NA,FALSE,NA,NA,NA,NA,NA,6106,5188
5797861319,"Aug 15, 2021, 10:07:51 AM","Morning Ride","Ride",NA,7390,22.21,NA,NA,FALSE,NA,NA,NA,NA,NA,7390,5120
5791432634,"Aug 14, 2021, 9:15:46 AM","Avg: 10.2 mph! I’m back, baby! ","Ride",NA,3705,14.04,NA,NA,FALSE,NA,NA,NA,NA,NA,3705,3091
5760905658,"Aug 8, 2021, 2:50:08 PM","Afternoon Ride","Ride",NA,5335,19.51,NA,NA,FALSE,NA,NA,NA,NA,NA,5335,4450
5745660067,"Aug 5, 2021, 5:25:33 PM","Afternoon Ride","Ride",NA,8773,24.66,NA,NA,FALSE,NA,NA,NA,NA,NA,8773,5707
5721909572,"Aug 1, 2021, 9:49:42 AM","Rainy Day Ride","Ride",NA,4362,14.11,NA,NA,FALSE,NA,NA,NA,NA,NA,4362,3437
5712993714,"Jul 30, 2021, 5:29:20 PM","Afternoon Ride","Ride",NA,5508,21.25,NA,NA,FALSE,NA,NA,NA,NA,NA,5508,4875
5692675278,"Jul 26, 2021, 4:59:14 PM","Afternoon Ride","Ride",NA,12252,30.09,NA,NA,FALSE,NA,NA,NA,NA,NA,12252,6806
5679898168,"Jul 24, 2021, 9:42:38 AM","Morning Ride","Ride",NA,6083,21.75,NA,NA,FALSE,NA,NA,NA,NA,NA,6083,5075
5671637934,"Jul 22, 2021, 5:30:11 PM","Afternoon Ride","Ride",NA,10816,25.23,NA,NA,FALSE,NA,NA,NA,NA,NA,10816,5495
5579454119,"Jul 5, 2021, 11:38:07 AM","Lunch Ride","Ride",NA,2020,7.07,NA,NA,FALSE,NA,NA,NA,NA,NA,2020,1922
5575007327,"Jul 4, 2021, 10:41:31 AM","Morning Ride","Ride",NA,4316,13.95,NA,NA,FALSE,NA,NA,NA,NA,NA,4316,3370
5502126997,"Jun 20, 2021, 11:29:35 AM","Average speed: 9.0 —- F!!   ","Ride",NA,3739,13.96,NA,NA,FALSE,NA,NA,NA,NA,NA,3739,3460
5487826372,"Jun 17, 2021, 6:31:28 PM","Evening Ride","Ride",NA,3997,13.04,NA,NA,FALSE,NA,NA,NA,NA,NA,3997,3214
5457506751,"Jun 12, 2021, 9:43:52 AM","Morning Ride","Ride",NA,3616,14.08,NA,NA,FALSE,NA,NA,NA,NA,NA,3616,3366
5449312066,"Jun 10, 2021, 6:32:47 PM","Evening Ride","Ride",NA,6823,26.08,NA,NA,FALSE,NA,NA,NA,NA,NA,6823,6033
5389501816,"May 31, 2021, 8:31:33 AM","Morning Ride","Ride",NA,13236,16.48,NA,NA,FALSE,NA,NA,NA,NA,NA,13236,4198
5369473969,"May 27, 2021, 6:32:32 PM","Evening Ride","Ride",NA,6501,25.1,NA,NA,FALSE,NA,NA,NA,NA,NA,6501,5859
5340416373,"May 22, 2021, 11:11:24 AM","Lunch Ride","Ride",NA,8381,18.01,NA,NA,FALSE,NA,NA,NA,NA,NA,8381,3889
5331538297,"May 20, 2021, 6:32:15 PM","Evening Ride","Ride",NA,4183,13.41,NA,NA,FALSE,NA,NA,NA,NA,NA,4183,3486
5308203780,"May 16, 2021, 10:44:36 AM","Morning Ride","Ride",NA,5730,19.31,NA,NA,FALSE,NA,NA,NA,NA,NA,5730,4701
5301790422,"May 15, 2021, 9:09:53 AM","Morning Ride","Ride",NA,9121,28.98,NA,NA,FALSE,NA,NA,NA,NA,NA,9121,6531
5296280219,"May 14, 2021, 10:47:39 AM","Morning Ride","Ride",NA,5760,21.73,NA,NA,FALSE,NA,NA,NA,NA,NA,5760,5019
5292951809,"May 13, 2021, 6:36:07 PM","Evening Ride","Ride",NA,6462,26,NA,NA,FALSE,NA,NA,NA,NA,NA,6462,6035
5232263855,"May 2, 2021, 1:38:37 PM","No flats!","Ride",NA,6132,16.24,NA,NA,FALSE,NA,NA,NA,NA,NA,6132,3713
5224382063,"May 1, 2021, 10:03:30 AM","Second flat in three weeks 🤬","Ride",NA,4651,13.97,NA,NA,FALSE,NA,NA,NA,NA,NA,4651,3077
5192616649,"Apr 25, 2021, 1:40:36 PM","Afternoon Ride","Ride",NA,4919,16.26,NA,NA,FALSE,NA,NA,NA,NA,NA,4919,4176
5184637236,"Apr 24, 2021, 10:46:50 AM","Morning Ride","Ride",NA,3933,15.01,NA,NA,FALSE,NA,NA,NA,NA,NA,3933,3314
5151220280,"Apr 18, 2021, 1:35:19 PM","Afternoon Ride","Ride",NA,4438,15.43,NA,NA,FALSE,NA,NA,NA,NA,NA,4438,3578
5143523254,"Apr 17, 2021, 11:18:55 AM","Lunch Ride","Ride",NA,4065,14.04,NA,NA,FALSE,NA,NA,NA,NA,NA,4065,3238
5128507415,"Apr 14, 2021, 5:57:18 PM","Afternoon Ride","Ride",NA,5251,19.83,NA,NA,FALSE,NA,NA,NA,NA,NA,5251,4811
5093332020,"Apr 8, 2021, 5:06:49 PM","Afternoon Ride","Ride",NA,5391,19.3,NA,NA,FALSE,NA,NA,NA,NA,NA,5391,4863
5069402997,"Apr 4, 2021, 12:15:54 PM","Lunch Ride","Ride",NA,3712,11.81,NA,NA,FALSE,NA,NA,NA,NA,NA,3712,2933
5063083931,"Apr 3, 2021, 12:17:16 PM","Lunch Ride","Ride",NA,4099,13.9,NA,NA,FALSE,NA,NA,NA,NA,NA,4099,3156
5051792271,"Apr 1, 2021, 4:00:09 PM","Too cold!","Ride",NA,1791,4.66,NA,NA,FALSE,NA,NA,NA,NA,NA,1791,1145
4985963882,"Mar 21, 2021, 10:29:38 AM","Morning Ride","Ride",NA,6090,21.76,NA,NA,FALSE,NA,NA,NA,NA,NA,6090,5064
4980364214,"Mar 20, 2021, 2:09:40 PM","Afternoon Ride","Ride",NA,3536,13.16,NA,NA,FALSE,NA,NA,NA,NA,NA,3536,3369
4931357928,"Mar 11, 2021, 5:05:43 PM","Afternoon Ride","Ride",NA,2015,6.8,NA,NA,FALSE,NA,NA,NA,NA,NA,2015,1862
4631164478,"Jan 16, 2021, 10:46:11 AM","Morning Ride","Ride",NA,7241,23.32,NA,NA,FALSE,NA,NA,NA,NA,NA,7241,5848
4600606853,"Jan 10, 2021, 12:43:19 PM","Lunch Ride","Ride",NA,7226,23.6,NA,NA,FALSE,NA,NA,NA,NA,NA,7226,6043
4567985655,"Jan 4, 2021, 3:11:22 PM","Afternoon Ride","Ride",NA,6033,21.9,NA,NA,FALSE,NA,NA,NA,NA,NA,6033,5424
4550120053,"Jan 1, 2021, 11:01:43 AM","Fishhook 2021 begins","Ride",NA,6839,23.4,NA,NA,FALSE,NA,NA,NA,NA,NA,6839,5964
4526710058,"Dec 27, 2020, 3:35:18 PM","2000 miles! ","Ride",NA,875,2.54,NA,NA,FALSE,NA,NA,NA,NA,NA,875,859
4526631453,"Dec 27, 2020, 1:24:39 PM","Almost...","Ride",NA,7393,23.85,NA,NA,FALSE,NA,NA,NA,NA,NA,7393,6415
4468263709,"Dec 13, 2020, 10:17:16 AM","Morning Ride","Ride",NA,5637,22.15,NA,NA,FALSE,NA,NA,NA,NA,NA,5637,5439
4463504920,"Dec 12, 2020, 10:01:22 AM","Matt 3000! ","Ride",NA,9472,29.49,NA,NA,FALSE,NA,NA,NA,NA,NA,9472,6840
4459626971,"Dec 11, 2020, 2:34:39 PM","Afternoon Ride","Ride",NA,5079,18.75,NA,NA,FALSE,NA,NA,NA,NA,NA,5079,4547
4434263236,"Dec 5, 2020, 1:36:14 PM","Afternoon Ride","Ride",NA,3756,14.38,NA,NA,FALSE,NA,NA,NA,NA,NA,3756,3390
4409191827,"Nov 29, 2020, 11:18:56 AM","Lunch Ride","Ride",NA,9267,32.62,NA,NA,FALSE,NA,NA,NA,NA,NA,9267,7898
4398518618,"Nov 27, 2020, 10:38:44 AM","Morning Ride","Ride",NA,9197,25.61,NA,NA,FALSE,NA,NA,NA,NA,NA,9197,5922
4371085632,"Nov 21, 2020, 10:11:56 AM","Could not do 40 😭","Ride",NA,15077,48.15,NA,NA,FALSE,NA,NA,NA,NA,NA,15077,11324
4337932784,"Nov 14, 2020, 10:40:20 AM","Morning Ride","Ride",NA,10656,35.11,NA,NA,FALSE,NA,NA,NA,NA,NA,10656,8928
4333404280,"Nov 13, 2020, 3:51:10 PM","Afternoon Ride","Ride",NA,5043,19.96,NA,NA,FALSE,NA,NA,NA,NA,NA,5043,4743
4304042284,"Nov 7, 2020, 9:58:58 AM","Giant hook","Ride",NA,18019,65.35,NA,NA,FALSE,NA,NA,NA,NA,NA,18019,13499
4291628428,"Nov 5, 2020, 2:36:12 PM","Baby fish^h^h^h^hsteps ","Ride",NA,6778,26.15,NA,NA,FALSE,NA,NA,NA,NA,NA,6778,6043
4287612648,"Nov 4, 2020, 6:27:57 PM","Here fishy fishy","Ride",NA,4805,19,NA,NA,FALSE,NA,NA,NA,NA,NA,4805,4570
4271966466,"Nov 1, 2020, 8:23:21 AM","Fishhook Sharpening ","Ride",NA,5880,20.23,NA,NA,FALSE,NA,NA,NA,NA,NA,5880,5247
4267480103,"Oct 31, 2020, 10:04:35 AM","Morning Ride","Ride",NA,8710,17.28,NA,NA,FALSE,NA,NA,NA,NA,NA,8710,4955
4256435862,"Oct 28, 2020, 6:30:46 PM","Evening Ride","Ride",NA,2578,9.36,NA,NA,FALSE,NA,NA,NA,NA,NA,2578,2063
4238405363,"Oct 24, 2020, 8:14:13 AM","Morning Ride","Ride",NA,23529,101.52,NA,NA,FALSE,NA,NA,NA,NA,NA,23529,19559
4226647548,"Oct 21, 2020, 6:29:34 PM","Crush Christa I ","Ride",NA,6581,31.56,NA,NA,FALSE,NA,NA,NA,NA,NA,6581,5998
4207785300,"Oct 17, 2020, 9:46:17 AM","Morning Ride","Ride",NA,14610,48.35,NA,NA,FALSE,NA,NA,NA,NA,NA,14610,11334
4196158236,"Oct 14, 2020, 6:27:39 PM","Evening Ride","Ride",NA,3901,17.78,NA,NA,FALSE,NA,NA,NA,NA,NA,3901,3354
4182953706,"Oct 11, 2020, 12:46:18 PM","Lunch Ride","Ride",NA,12887,31.12,NA,NA,FALSE,NA,NA,NA,NA,NA,12887,7057
4172920461,"Oct 9, 2020, 1:43:29 PM","Afternoon Ride","Ride",NA,3029,9.94,NA,NA,FALSE,NA,NA,NA,NA,NA,3029,2465
4146441334,"Oct 3, 2020, 11:00:17 AM","Lunch Ride","Ride",NA,7268,29.66,NA,NA,FALSE,NA,NA,NA,NA,NA,7268,6152
4135146079,"Sep 30, 2020, 6:32:44 PM","Evening Ride","Ride",NA,6641,26.16,NA,NA,FALSE,NA,NA,NA,NA,NA,6641,5187
4119981530,"Sep 27, 2020, 10:03:36 AM","Morning Ride","Ride",NA,4407,19.81,NA,NA,FALSE,NA,NA,NA,NA,NA,4407,3848
4103943130,"Sep 23, 2020, 6:31:25 PM","Evening Ride","Ride",NA,4694,22.15,NA,NA,FALSE,NA,NA,NA,NA,NA,4694,4305
4083160821,"Sep 19, 2020, 9:29:01 AM","Morning Ride","Ride",NA,10716,41.25,NA,NA,FALSE,NA,NA,NA,NA,NA,10716,8358
4070854410,"Sep 16, 2020, 6:33:47 PM","Evening Ride","Ride",NA,3211,15.32,NA,NA,FALSE,NA,NA,NA,NA,NA,3211,2949
4054964864,"Sep 13, 2020, 9:17:39 AM","Morning Ride","Ride",NA,11619,49.39,NA,NA,FALSE,NA,NA,NA,NA,NA,11619,9762
4048576732,"Sep 12, 2020, 8:49:36 AM","Morning Ride","Ride",NA,3730,16.15,NA,NA,FALSE,NA,NA,NA,NA,NA,3730,3260
4037100273,"Sep 9, 2020, 6:32:17 PM","Evening Ride","Ride",NA,3107,15.33,NA,NA,FALSE,NA,NA,NA,NA,NA,3107,2895
4026031752,"Sep 7, 2020, 10:52:32 AM","Morning Ride","Ride",NA,7683,33.28,NA,NA,FALSE,NA,NA,NA,NA,NA,7683,6490
4021726058,"Sep 6, 2020, 11:01:33 AM","Lunch Ride","Ride",NA,5315,19.84,NA,NA,FALSE,NA,NA,NA,NA,NA,5315,4042
4017183133,"Sep 5, 2020, 7:43:44 AM","Metric Eric. MetEric.","Ride",NA,29101,102.4,NA,NA,FALSE,NA,NA,NA,NA,NA,29101,21167
3987798591,"Aug 30, 2020, 9:27:00 AM","Morning Ride","Ride",NA,13580,62.97,NA,NA,FALSE,NA,NA,NA,NA,NA,13580,12123
3974991387,"Aug 27, 2020, 4:16:17 PM","Afternoon Ride","Ride",NA,3617,15.63,NA,NA,FALSE,NA,NA,NA,NA,NA,3617,3188
3970920110,"Aug 26, 2020, 6:30:27 PM","Evening Ride","Ride",NA,5159,25.59,NA,NA,FALSE,NA,NA,NA,NA,NA,5159,4588
3959223858,"Aug 24, 2020, 9:58:18 AM","Morning Ride","Ride",NA,3551,18.25,NA,NA,FALSE,NA,NA,NA,NA,NA,3551,3424
3918528482,"Aug 15, 2020, 9:56:29 AM","Half God","Ride",NA,27056,84.89,NA,NA,FALSE,NA,NA,NA,NA,NA,27056,17551
3904869367,"Aug 12, 2020, 6:34:56 PM","Evening Ride","Ride",NA,6459,26.81,NA,NA,FALSE,NA,NA,NA,NA,NA,6459,4817
3884012400,"Aug 8, 2020, 10:45:36 AM","Morning Ride","Ride",NA,10791,28.53,NA,NA,FALSE,NA,NA,NA,NA,NA,10791,6608
3870961396,"Aug 5, 2020, 6:39:07 PM","Evening Ride","Ride",NA,5847,25.36,NA,NA,FALSE,NA,NA,NA,NA,NA,5847,5043
3849026231,"Aug 1, 2020, 10:17:50 AM","Morning Ride","Ride",NA,7080,30.55,NA,NA,FALSE,NA,NA,NA,NA,NA,7080,5949
3835919189,"Jul 29, 2020, 6:40:54 PM","Evening Ride","Ride",NA,7367,31.63,NA,NA,FALSE,NA,NA,NA,NA,NA,7367,6381
3821400621,"Jul 27, 2020, 10:02:02 AM","Morning Ride","Ride",NA,5109,22.77,NA,NA,FALSE,NA,NA,NA,NA,NA,5109,4495
3815326378,"Jul 26, 2020, 9:01:21 AM","Morning Ride","Ride",NA,8166,29.4,NA,NA,FALSE,NA,NA,NA,NA,NA,8166,5800
3811399810,"Jul 25, 2020, 8:37:46 AM","Morning Ride","Ride",NA,7848,29.93,NA,NA,FALSE,NA,NA,NA,NA,NA,7848,5627
3782047427,"Jul 18, 2020, 9:11:25 AM","Half-god ","Ride",NA,22424,83.65,NA,NA,FALSE,NA,NA,NA,NA,NA,22424,16555
3768611117,"Jul 15, 2020, 6:42:48 PM","Evening Ride","Ride",NA,4757,26.01,NA,NA,FALSE,NA,NA,NA,NA,NA,4757,4529
3751484808,"Jul 12, 2020, 7:57:08 AM","1000th mile!","Ride",NA,8721,44.26,NA,NA,FALSE,NA,NA,NA,NA,NA,8721,8023
3746225841,"Jul 11, 2020, 9:42:04 AM","Morning Ride","Ride",NA,3925,20.19,NA,NA,FALSE,NA,NA,NA,NA,NA,3925,3729
3738435246,"Jul 9, 2020, 4:07:18 PM","Afternoon Ride","Ride",NA,3457,15.55,NA,NA,FALSE,NA,NA,NA,NA,NA,3457,2978
3718485258,"Jul 5, 2020, 11:18:19 AM","Lunch Ride","Ride",NA,6232,23.46,NA,NA,FALSE,NA,NA,NA,NA,NA,6232,5496
3708568547,"Jul 3, 2020, 9:04:59 AM","Morning Ride","Ride",NA,18718,65.87,NA,NA,FALSE,NA,NA,NA,NA,NA,18718,12892
3704809006,"Jul 2, 2020, 4:23:01 PM","Afternoon Ride","Ride",NA,3613,15.55,NA,NA,FALSE,NA,NA,NA,NA,NA,3613,2953
3700394022,"Jul 1, 2020, 6:37:07 PM","Evening Ride","Ride",NA,3774,17.99,NA,NA,FALSE,NA,NA,NA,NA,NA,3774,3630
3684416861,"Jun 28, 2020, 10:14:51 AM","No hills!!!","Ride",NA,5712,19.49,NA,NA,FALSE,NA,NA,NA,NA,NA,5712,4021
3679365263,"Jun 27, 2020, 9:12:22 AM","Morning Ride","Ride",NA,11694,41.91,NA,NA,FALSE,NA,NA,NA,NA,NA,11694,8394
3666736918,"Jun 24, 2020, 6:34:59 PM","Evening Ride","Ride",NA,4194,18.55,NA,NA,FALSE,NA,NA,NA,NA,NA,4194,3685
3649407077,"Jun 21, 2020, 9:47:58 AM","Morning Ride","Ride",NA,4268,19.57,NA,NA,FALSE,NA,NA,NA,NA,NA,4268,4012
3644859721,"Jun 20, 2020, 10:13:58 AM","Morning Ride","Ride",NA,12471,54.66,NA,NA,FALSE,NA,NA,NA,NA,NA,12471,10735
3631634637,"Jun 17, 2020, 6:23:55 PM","Evening Ride","Ride",NA,7692,29.86,NA,NA,FALSE,NA,NA,NA,NA,NA,7692,5811
3614159674,"Jun 14, 2020, 9:50:07 AM","Defeated and will console myself at Oakbrook ","Ride",NA,4715,19.58,NA,NA,FALSE,NA,NA,NA,NA,NA,4715,3909
3608914283,"Jun 13, 2020, 9:55:33 AM","Morning Ride","Ride",NA,9409,33.87,NA,NA,FALSE,NA,NA,NA,NA,NA,9409,7426
3584793088,"Jun 8, 2020, 3:59:53 PM","Chrush Christa!!!","Ride",NA,3995,19.84,NA,NA,FALSE,NA,NA,NA,NA,NA,3995,3852
3578243967,"Jun 7, 2020, 9:11:13 AM","Morning Ride","Ride",NA,6040,23.86,NA,NA,FALSE,NA,NA,NA,NA,NA,6040,4770
3573542649,"Jun 6, 2020, 9:42:45 AM","Morning Ride","Ride",NA,12807,40.79,NA,NA,FALSE,NA,NA,NA,NA,NA,12807,8466
3543734227,"May 31, 2020, 1:00:26 PM","Afternoon Ride","Ride",NA,7077,29.68,NA,NA,FALSE,NA,NA,NA,NA,NA,7077,6268
3542219001,"May 31, 2020, 9:20:46 AM","Morning Ride","Ride",NA,5589,26.52,NA,NA,FALSE,NA,NA,NA,NA,NA,5589,5195
3536954562,"May 30, 2020, 8:26:15 AM","Morning Ride","Ride",NA,4413,19.77,NA,NA,FALSE,NA,NA,NA,NA,NA,4413,4064
3523021138,"May 27, 2020, 6:15:17 PM","Evening Ride","Ride",NA,3233,12.28,NA,NA,FALSE,NA,NA,NA,NA,NA,3233,2189
3517078071,"May 26, 2020, 5:03:20 PM","Afternoon Ride","Ride",NA,2828,13.13,NA,NA,FALSE,NA,NA,NA,NA,NA,2828,2642
3510354450,"May 25, 2020, 9:30:44 AM","Morning Ride","Ride",NA,14394,65.33,NA,NA,FALSE,NA,NA,NA,NA,NA,14394,13464
3505684664,"May 24, 2020, 11:34:56 AM","Lunch Ride","Ride",NA,9389,25.1,NA,NA,FALSE,NA,NA,NA,NA,NA,9389,4959
3489400166,"May 21, 2020, 10:07:04 AM","Morning Ride","Ride",NA,12900,56.15,NA,NA,FALSE,NA,NA,NA,NA,NA,12900,11445
3481846604,"May 20, 2020, 7:10:29 AM","Morning Ride","Ride",NA,1716,6.68,NA,NA,FALSE,NA,NA,NA,NA,NA,1716,1508
3476255315,"May 19, 2020, 7:24:23 AM","Morning Ride","Ride",NA,2207,6.76,NA,NA,FALSE,NA,NA,NA,NA,NA,2207,1565
3462469005,"May 16, 2020, 2:56:25 PM","Afternoon Ride","Ride",NA,4914,15.61,NA,NA,FALSE,NA,NA,NA,NA,NA,4914,3489
3430295119,"May 10, 2020, 9:35:43 AM","Morning Ride","Ride",NA,4558,19.75,NA,NA,FALSE,NA,NA,NA,NA,NA,4558,4394
3412622702,"May 7, 2020, 7:25:41 AM","Morning Ride","Ride",NA,1727,6.39,NA,NA,FALSE,NA,NA,NA,NA,NA,1727,1509
3395848081,"May 4, 2020, 6:35:14 AM","Morning Ride","Ride",NA,2711,9.89,NA,NA,FALSE,NA,NA,NA,NA,NA,2711,2228
3392044108,"May 3, 2020, 9:24:47 AM","Morning Ride","Ride",NA,8224,31.32,NA,NA,FALSE,NA,NA,NA,NA,NA,8224,6827
3385094976,"May 2, 2020, 7:52:51 AM","Morning Ride","Ride",NA,6254,23.94,NA,NA,FALSE,NA,NA,NA,NA,NA,6254,5353
3368114969,"Apr 28, 2020, 5:20:22 PM","Afternoon Ride","Ride",NA,2446,9.69,NA,NA,FALSE,NA,NA,NA,NA,NA,2446,2180
3365551857,"Apr 28, 2020, 8:07:40 AM","Morning Ride","Ride",NA,1658,6.34,NA,NA,FALSE,NA,NA,NA,NA,NA,1658,1419
3350941280,"Apr 25, 2020, 8:44:32 AM","Morning Ride","Ride",NA,6618,23.94,NA,NA,FALSE,NA,NA,NA,NA,NA,6618,5734
3328254369,"Apr 20, 2020, 4:48:36 PM","Afternoon Ride","Ride",NA,3765,14.84,NA,NA,FALSE,NA,NA,NA,NA,NA,3765,3319
3321675593,"Apr 19, 2020, 7:56:33 AM","Morning Ride","Ride",NA,8365,38.08,NA,NA,FALSE,NA,NA,NA,NA,NA,8365,8178
3304601884,"Apr 15, 2020, 4:48:10 PM","Afternoon Ride","Ride",NA,3924,15.62,NA,NA,FALSE,NA,NA,NA,NA,NA,3924,3391
3289834116,"Apr 12, 2020, 10:19:52 AM","Morning Ride","Ride",NA,5290,19.65,NA,NA,FALSE,NA,NA,NA,NA,NA,5290,4543
3264118997,"Apr 6, 2020, 4:58:54 PM","Afternoon Ride","Ride",NA,1490,6.04,NA,NA,FALSE,NA,NA,NA,NA,NA,1490,1371
3255506702,"Apr 4, 2020, 3:03:20 PM","Afternoon Ride","Ride",NA,4101,14.85,NA,NA,FALSE,NA,NA,NA,NA,NA,4101,2847
3246911519,"Apr 2, 2020, 10:41:31 AM","Morning Ride","Ride",NA,9462,38.04,NA,NA,FALSE,NA,NA,NA,NA,NA,9462,8761
3243990492,"Apr 1, 2020, 4:20:21 PM","Afternoon Ride","Ride",NA,4589,15.64,NA,NA,FALSE,NA,NA,NA,NA,NA,4589,3790
3225058497,"Mar 27, 2020, 2:42:16 PM","Afternoon Ride","Ride",NA,6403,23.66,NA,NA,FALSE,NA,NA,NA,NA,NA,6403,5271
3221716714,"Mar 26, 2020, 4:14:03 PM","Afternoon Ride","Ride",NA,4288,17.24,NA,NA,FALSE,NA,NA,NA,NA,NA,4288,3829
3204524957,"Mar 21, 2020, 1:54:10 PM","Afternoon Ride","Ride",NA,3905,15.58,NA,NA,FALSE,NA,NA,NA,NA,NA,3905,3460
3201394807,"Mar 20, 2020, 3:45:28 PM","Afternoon Ride","Ride",NA,4448,15.53,NA,NA,FALSE,NA,NA,NA,NA,NA,4448,3624
3195949321,"Mar 18, 2020, 5:56:26 PM","Afternoon Ride","Ride",NA,6982,26.07,NA,NA,FALSE,NA,NA,NA,NA,NA,6982,5941
3189636072,"Mar 16, 2020, 4:52:48 PM","Afternoon Ride","Ride",NA,4997,19.89,NA,NA,FALSE,NA,NA,NA,NA,NA,4997,4740
3186121692,"Mar 15, 2020, 9:32:10 AM","Morning Ride","Ride",NA,8154,22.72,NA,NA,FALSE,NA,NA,NA,NA,NA,8154,5327
3182770650,"Mar 14, 2020, 10:28:58 AM","Morning Ride","Ride",NA,4896,19.85,NA,NA,FALSE,NA,NA,NA,NA,NA,4896,4393
3169582328,"Mar 9, 2020, 5:02:12 PM","Afternoon Ride","Ride",NA,2127,8.37,NA,NA,FALSE,NA,NA,NA,NA,NA,2127,2058
3166398912,"Mar 8, 2020, 12:03:11 PM","Lunch Ride","Ride",NA,5445,22.38,NA,NA,FALSE,NA,NA,NA,NA,NA,5445,4808
3148957354,"Mar 2, 2020, 4:27:04 PM","Afternoon Ride","Ride",NA,4519,19.87,NA,NA,FALSE,NA,NA,NA,NA,NA,4519,4296
3146244906,"Mar 1, 2020, 1:29:01 PM","Afternoon Ride","Ride",NA,2801,8.97,NA,NA,FALSE,NA,NA,NA,NA,NA,2801,2514
3129302890,"Feb 24, 2020, 4:21:47 PM","Afternoon Ride","Ride",NA,4651,19.94,NA,NA,FALSE,NA,NA,NA,NA,NA,4651,4332
3126531861,"Feb 23, 2020, 3:23:12 PM","Afternoon Ride","Ride",NA,1839,7.8,NA,NA,FALSE,NA,NA,NA,NA,NA,1839,1686
3126370240,"Feb 23, 2020, 1:50:15 PM","Afternoon Ride","Ride",NA,3409,14.2,NA,NA,FALSE,NA,NA,NA,NA,NA,3409,3214
3122974554,"Feb 22, 2020, 12:49:39 PM","Lunch Ride","Ride",NA,5481,20.1,NA,NA,FALSE,NA,NA,NA,NA,NA,5481,4897
3106017816,"Feb 16, 2020, 12:30:48 PM","Lunch Ride","Ride",NA,5965,20.58,NA,NA,FALSE,NA,NA,NA,NA,NA,5965,4902
3086639515,"Feb 9, 2020, 11:53:01 AM","Lunch Ride","Ride",NA,10927,22.09,NA,NA,FALSE,NA,NA,NA,NA,NA,10927,5402
3069457411,"Feb 3, 2020, 4:53:32 PM","Afternoon Ride","Ride",NA,3388,13.06,NA,NA,FALSE,NA,NA,NA,NA,NA,3388,3011
3066046241,"Feb 2, 2020, 10:33:57 AM","Morning Ride","Ride",NA,5012,19.02,NA,NA,FALSE,NA,NA,NA,NA,NA,5012,4648
3062915954,"Feb 1, 2020, 12:05:04 PM","Lunch Ride","Ride",NA,4082,14.99,NA,NA,FALSE,NA,NA,NA,NA,NA,4082,3552
3046309489,"Jan 26, 2020, 12:00:38 PM","Lunch Ride","Ride",NA,8653,29.36,NA,NA,FALSE,NA,NA,NA,NA,NA,8653,6853
3040011520,"Jan 24, 2020, 3:31:52 PM","Afternoon Ride","Ride",NA,3574,11.98,NA,NA,FALSE,NA,NA,NA,NA,NA,3574,3366
3016571204,"Jan 15, 2020, 4:09:38 PM","Afternoon Ride","Ride",NA,3093,10.89,NA,NA,FALSE,NA,NA,NA,NA,NA,3093,2707
3002011368,"Jan 11, 2020, 9:46:41 AM","Morning Ride","Ride",NA,5894,19.53,NA,NA,FALSE,NA,NA,NA,NA,NA,5894,5014
2996460206,"Jan 9, 2020, 12:21:44 PM","Lunch Ride","Ride",NA,3624,10.5,NA,NA,FALSE,NA,NA,NA,NA,NA,3624,3453
2990752986,"Jan 7, 2020, 12:10:51 PM","Lunch Ride","Ride",NA,5647,21.46,NA,NA,FALSE,NA,NA,NA,NA,NA,5647,4956
2987891259,"Jan 6, 2020, 12:02:01 PM","Lunch Ride","Ride",NA,5650,21.54,NA,NA,FALSE,NA,NA,NA,NA,NA,5650,5126
2973831982,"Jan 1, 2020, 12:58:37 PM","Lunch Ride","Ride",NA,7207,25.18,NA,NA,FALSE,NA,NA,NA,NA,NA,7207,5773
2956038193,"Dec 25, 2019, 11:02:13 AM","Lunch Ride","Ride",NA,11733,33.31,NA,NA,FALSE,NA,NA,NA,NA,NA,11733,8268
2949880865,"Dec 22, 2019, 11:53:57 AM","Lunch Ride","Ride",NA,7717,17.85,NA,NA,FALSE,NA,NA,NA,NA,NA,7717,4416
2949643229,"Dec 7, 2019, 10:57:58 AM","Morning Ride","Ride",NA,1299347,17.29,NA,NA,FALSE,NA,NA,NA,NA,NA,1299347,-1256729
2896294461,"Nov 27, 2019, 6:38:02 PM","Evening Ride","Ride",NA,5425,25.56,NA,NA,FALSE,NA,NA,NA,NA,NA,5425,4956
2893715689,"Nov 26, 2019, 3:56:41 PM","Afternoon Ride","Ride",NA,1003,4.67,NA,NA,FALSE,NA,NA,NA,NA,NA,1003,1003
2872272815,"Nov 17, 2019, 11:10:13 AM","Lunch Ride","Ride",NA,5344,21.1,NA,NA,FALSE,NA,NA,NA,NA,NA,5344,4599
2846747747,"Nov 6, 2019, 6:35:26 PM","Evening Ride","Ride",NA,6179,26.3,NA,NA,FALSE,NA,NA,NA,NA,NA,6179,5348
2839058092,"Nov 3, 2019, 2:39:21 PM","Afternoon Ride","Ride",NA,981,4.39,NA,NA,FALSE,NA,NA,NA,NA,NA,981,981
2836354197,"Nov 2, 2019, 2:34:49 PM","Afternoon Ride","Ride",NA,9755,29.01,NA,NA,FALSE,NA,NA,NA,NA,NA,9755,6316
2819214933,"Oct 26, 2019, 2:51:01 PM","Afternoon Ride","Ride",NA,6547,29.34,NA,NA,FALSE,NA,NA,NA,NA,NA,6547,5888
2812288965,"Oct 23, 2019, 6:35:12 PM","Evening Ride","Ride",NA,5696,26.33,NA,NA,FALSE,NA,NA,NA,NA,NA,5696,5296
2806903226,"Oct 21, 2019, 5:20:18 PM","Afternoon Ride","Ride",NA,2284,9.04,NA,NA,FALSE,NA,NA,NA,NA,NA,2284,2171
2801502595,"Oct 19, 2019, 10:33:36 AM","Morning Ride","Ride",NA,19972,65.54,NA,NA,FALSE,NA,NA,NA,NA,NA,19972,14314
2758406542,"Oct 2, 2019, 6:37:51 PM","Evening Ride","Ride",NA,3392,15.88,NA,NA,FALSE,NA,NA,NA,NA,NA,3392,3144
2747106480,"Sep 28, 2019, 9:08:56 AM","Morning Ride","Ride",NA,14519,56.76,NA,NA,FALSE,NA,NA,NA,NA,NA,14519,11520
2740148280,"Sep 25, 2019, 6:26:47 PM","Evening Ride","Ride",NA,5576,16.5,NA,NA,FALSE,NA,NA,NA,NA,NA,5576,3501
2731578296,"Sep 22, 2019, 11:12:05 AM","Lunch Ride","Ride",NA,5358,11.24,NA,NA,FALSE,NA,NA,NA,NA,NA,5358,2543
2727761632,"Sep 21, 2019, 8:50:38 AM","Morning Ride","Ride",NA,4486,14.9,NA,NA,FALSE,NA,NA,NA,NA,NA,4486,3362
2721067277,"Sep 18, 2019, 6:41:09 PM","Evening Ride","Ride",NA,7574,11.28,NA,NA,FALSE,NA,NA,NA,NA,NA,7574,2663
2714988741,"Sep 16, 2019, 5:43:40 PM","Afternoon Ride","Ride",NA,4169,17.62,NA,NA,FALSE,NA,NA,NA,NA,NA,4169,3783
2708138647,"Sep 14, 2019, 9:00:49 AM","Morning Ride","Ride",NA,11179,41.99,NA,NA,FALSE,NA,NA,NA,NA,NA,11179,9084
2700717532,"Sep 11, 2019, 7:07:56 PM","Evening Ride","Ride",NA,3837,15.31,NA,NA,FALSE,NA,NA,NA,NA,NA,3837,3503
2687679952,"Sep 7, 2019, 8:40:31 AM","Morning Ride","Ride",NA,7935,31.49,NA,NA,FALSE,NA,NA,NA,NA,NA,7935,6484
2685683072,"Sep 6, 2019, 4:48:06 PM","Afternoon Ride","Ride",NA,3446,13.15,NA,NA,FALSE,NA,NA,NA,NA,NA,3446,2978
2680721824,"Sep 4, 2019, 6:40:32 PM","Evening Ride","Ride",NA,5521,25.34,NA,NA,FALSE,NA,NA,NA,NA,NA,5521,5024
2674180861,"Sep 2, 2019, 1:24:45 PM","Afternoon Ride","Ride",NA,5263,20.08,NA,NA,FALSE,NA,NA,NA,NA,NA,5263,4617
2671218518,"Sep 1, 2019, 11:12:31 AM","Lunch Ride","Ride",NA,5253,20.53,NA,NA,FALSE,NA,NA,NA,NA,NA,5253,4452
2667937271,"Aug 31, 2019, 11:56:05 AM","Lunch Ride","Ride",NA,1168,6.03,NA,NA,FALSE,NA,NA,NA,NA,NA,1168,1168
2667609208,"Aug 31, 2019, 8:37:07 AM","Morning Ride","Ride",NA,7308,32.28,NA,NA,FALSE,NA,NA,NA,NA,NA,7308,6426
2647193107,"Aug 24, 2019, 9:11:14 AM","Morning Ride","Ride",NA,5403,22.3,NA,NA,FALSE,NA,NA,NA,NA,NA,5403,4852
2630372596,"Aug 18, 2019, 9:44:14 AM","Morning Ride","Ride",NA,9800,40.61,NA,NA,FALSE,NA,NA,NA,NA,NA,9800,8581
2619808306,"Aug 14, 2019, 7:00:15 PM","Evening Ride","Ride",NA,5426,16.37,NA,NA,FALSE,NA,NA,NA,NA,NA,5426,3723
2613628838,"Aug 12, 2019, 4:23:18 PM","Afternoon Ride","Ride",NA,2404,10.21,NA,NA,FALSE,NA,NA,NA,NA,NA,2404,2398
2607983035,"Aug 10, 2019, 2:24:57 PM","Afternoon Ride","Ride",NA,8179,25.04,NA,NA,FALSE,NA,NA,NA,NA,NA,8179,6125
2592878804,"Aug 5, 2019, 9:36:09 AM","Morning Ride","Ride",NA,2013,8.72,NA,NA,FALSE,NA,NA,NA,NA,NA,2013,1807
2588250707,"Aug 3, 2019, 6:57:31 PM","Evening Ride","Ride",NA,1759,1.5,NA,NA,FALSE,NA,NA,NA,NA,NA,1759,451
2587057094,"Aug 3, 2019, 7:25:36 AM","Morning Ride","Ride",NA,12330,26.31,NA,NA,FALSE,NA,NA,NA,NA,NA,12330,6118
2585069438,"Aug 2, 2019, 4:57:10 PM","Afternoon Ride","Ride",NA,602,1.8,NA,NA,FALSE,NA,NA,NA,NA,NA,602,558
2584894056,"Aug 2, 2019, 2:49:45 PM","Afternoon Ride","Ride",NA,1684,3.24,NA,NA,FALSE,NA,NA,NA,NA,NA,1684,850
2584250613,"Aug 2, 2019, 10:24:49 AM","Morning Ride","Ride",NA,1060,3.17,NA,NA,FALSE,NA,NA,NA,NA,NA,1060,886
2584125987,"Aug 2, 2019, 8:10:41 AM","Morning Ride","Ride",NA,5817,16.09,NA,NA,FALSE,NA,NA,NA,NA,NA,5817,3523
2581794731,"Aug 1, 2019, 10:27:54 AM","Morning Ride","Ride",NA,8269,25.79,NA,NA,FALSE,NA,NA,NA,NA,NA,8269,5920
2578401632,"Jul 31, 2019, 8:23:18 AM","Morning Ride","Ride",NA,2502,10.62,NA,NA,FALSE,NA,NA,NA,NA,NA,2502,2440
2578207195,"Jul 31, 2019, 7:40:29 AM","Morning Ride","Ride",NA,417,1.34,NA,NA,FALSE,NA,NA,NA,NA,NA,417,335
2575466546,"Jul 30, 2019, 8:46:04 AM","Morning Ride","Ride",NA,275,1.1,NA,NA,FALSE,NA,NA,NA,NA,NA,275,275
2575259431,"Jul 30, 2019, 7:22:48 AM","Morning Ride","Ride",NA,331,1.38,NA,NA,FALSE,NA,NA,NA,NA,NA,331,331
2573042724,"Jul 29, 2019, 7:02:14 AM","Morning Ride","Ride",NA,18166,31.15,NA,NA,FALSE,NA,NA,NA,NA,NA,18166,8270
2567100013,"Jul 27, 2019, 7:37:54 AM","Morning Ride","Ride",NA,4922,20.94,NA,NA,FALSE,NA,NA,NA,NA,NA,4922,4654
2560783441,"Jul 24, 2019, 6:34:55 PM","Evening Ride","Ride",NA,8094,32.37,NA,NA,FALSE,NA,NA,NA,NA,NA,8094,7191
2550927541,"Jul 21, 2019, 7:57:56 AM","Morning Ride","Ride",NA,6546,25.14,NA,NA,FALSE,NA,NA,NA,NA,NA,6546,5437
2547938162,"Jul 20, 2019, 8:01:18 AM","Morning Ride","Ride",NA,6745,25.7,NA,NA,FALSE,NA,NA,NA,NA,NA,6745,5792
2532723425,"Jul 14, 2019, 3:22:04 PM","Afternoon Ride","Ride",NA,5775,23.07,NA,NA,FALSE,NA,NA,NA,NA,NA,5775,5189
2528889584,"Jul 13, 2019, 8:57:22 AM","Morning Ride","Ride",NA,11287,39.88,NA,NA,FALSE,NA,NA,NA,NA,NA,11287,9813
2521953075,"Jul 10, 2019, 6:38:21 PM","Evening Ride","Ride",NA,6406,26.37,NA,NA,FALSE,NA,NA,NA,NA,NA,6406,5863
2516075798,"Jul 8, 2019, 6:45:22 PM","Evening Ride","Ride",NA,5848,16.8,NA,NA,FALSE,NA,NA,NA,NA,NA,5848,4450
2512275336,"Jul 7, 2019, 9:20:19 AM","Morning Ride","Ride",NA,7589,24.95,NA,NA,FALSE,NA,NA,NA,NA,NA,7589,5921
2503689670,"Jul 4, 2019, 9:02:53 AM","Morning Ride","Ride",NA,7128,18.32,NA,NA,FALSE,NA,NA,NA,NA,NA,7128,4982
2502218269,"Jul 3, 2019, 6:31:16 PM","Evening Ride","Ride",NA,4102,15.91,NA,NA,FALSE,NA,NA,NA,NA,NA,4102,3644
2496369311,"Jul 1, 2019, 6:06:20 PM","Evening Ride","Ride",NA,981,3.81,NA,NA,FALSE,NA,NA,NA,NA,NA,981,971
